zip,city,city_t,canton
1000,Lausanne,Lausanne,VD
1001,Lausanne,Lausanne,VD
1002,Lausanne,Lausanne,VD
1003,Lausanne,Lausanne,VD
1004,Lausanne,Lausanne,VD
1005,Lausanne,Lausanne,VD
1006,Lausanne,Lausanne,VD
1007,Lausanne,Lausanne,VD
1008,Prilly,Prilly,VD
1009,Pully,Pully,VD
1010,Lausanne,Lausanne,VD
1011,Lausanne,Lausanne,VD
1012,Lausanne,Lausanne,VD
1014,Lausanne Adm cant,Lausanne Adm cant,VD
1015,Lausanne,Lausanne,VD
1018,Lausanne,Lausanne,VD
1020,Renens VD,Renens VD,VD
1022,Chavannes-Renens,Chavannes-Renens,VD
1023,Crissier,Crissier,VD
1024,Ecublens VD,Ecublens VD,VD
1025,St-Sulpice VD,St-Sulpice VD,VD
1026,Echandens-Denges,Echandens-Denges,VD
1027,Lonay,Lonay,VD
1028,Préverenges,Preverenges,VD
1030,Bussigny-Lausanne,Bussigny-Lausanne,VD
1032,Romanel-s-Lausanne,Romanel-s-Lausanne,VD
1033,Cheseaux-Lausanne,Cheseaux-Lausanne,VD
1037,Etagnières,Etagnieres,VD
1038,Bercher,Bercher,VD
1040,Echallens,Echallens,VD
1377,Oulens-Echallens,Oulens-Echallens,VD
1042,Bettens,Bettens,VD
1417,Epautheyres,Epautheyres,VD
1041,Dommartin,Dommartin,VD
1063,Peyres-Possens,Peyres-Possens,VD
1053,Bretigny-Morrens,Bretigny-Morrens,VD
1034,Boussens,Boussens,VD
1035,Bournens,Bournens,VD
1036,Sullens,Sullens,VD
1043,Sugnens,Sugnens,VD
1044,Fey,Fey,VD
1045,Ogens,Ogens,VD
1407,Bioley-Magnoux,Bioley-Magnoux,VD
1052,Mont-sur-Lausanne,Mont-sur-Lausanne,VD
1054,Morrens VD,Morrens VD,VD
1055,Froideville,Froideville,VD
1410,Thierrens,Thierrens,VD
1066,Epalinges,Epalinges,VD
1073,Savigny,Savigny,VD
1083,Mézières VD,Mezieres VD,VD
1092,Belmont-Lausanne,Belmont-Lausanne,VD
1093,La Conversion,La Conversion,VD
1094,Paudex,Paudex,VD
1095,Lutry,Lutry,VD
1096,Cully,Cully,VD
1097,Riex,Riex,VD
1098,Epesses,Epesses,VD
1058,Villars-Tiercelin,Villars-Tiercelin,VD
1059,Peney-le-Jorat,Peney-le-Jorat,VD
1061,Villars-Mendraz,Villars-Mendraz,VD
1062,Sottens,Sottens,VD
1080,Les Cullayes,Les Cullayes,VD
1081,Montpreveyres,Montpreveyres,VD
1082,Corcelles-le-Jorat,Corcelles-le-Jorat,VD
1088,Ropraz,Ropraz,VD
1084,Carrouge VD,Carrouge VD,VD
1085,Vulliens,Vulliens,VD
1509,Vucherens,Vucherens,VD
1510,Syens,Syens,VD
1076,Ferlens VD,Ferlens VD,VD
1077,Servion,Servion,VD
1078,Essertes,Essertes,VD
1673,Auboranges,Auboranges,FR
1110,Morges,Morges,VD
1112,Echichens,Echichens,VD
1167,Lussy-sur-Morges,Lussy-sur-Morges,VD
1132,Lully VD,Lully VD,VD
1131,Tolochenaz,Tolochenaz,VD
1125,Monnaz,Monnaz,VD
1126,Vaux-sur-Morges,Vaux-sur-Morges,VD
1127,Clarmont,Clarmont,VD
1128,Reverolle,Reverolle,VD
1113,St-Saphorin-Morges,St-Saphorin-Morges,VD
1114,Colombier VD,Colombier VD,VD
1115,Vullierens,Vullierens,VD
1116,Cottens VD,Cottens VD,VD
1117,Grancy,Grancy,VD
1304,Senarclens,Senarclens,VD
1121,Bremblens,Bremblens,VD
1122,Romanel-sur-Morges,Romanel-sur-Morges,VD
1123,Aclens,Aclens,VD
1124,Gollion,Gollion,VD
1134,Vufflens-Château,Vufflens-Chateau,VD
1135,Denens,Denens,VD
1136,Bussy-Chardonney,Bussy-Chardonney,VD
1169,Yens,Yens,VD
1168,Villars-sous-Yens,Villars-sous-Yens,VD
1144,Ballens,Ballens,VD
1149,Berolle,Berolle,VD
1146,Mollens VD,Mollens VD,VD
1670,Ursy,Ursy,FR
1147,Montricher,Montricher,VD
1142,Pampigny,Pampigny,VD
1141,Sévery,Severy,VD
1143,Apples,Apples,VD
1145,Bière,Biere,VD
1148,L'Isle,L'Isle,VD
1162,St-Prex,St-Prex,VD
1163,Etoy,Etoy,VD
1164,Buchillon,Buchillon,VD
1165,Allaman,Allaman,VD
1166,Perroy,Perroy,VD
1170,Aubonne,Aubonne,VD
1172,Bougy-Villars,Bougy-Villars,VD
1173,Féchy,Fechy,VD
1174,Montherod,Montherod,VD
1175,Lavigny,Lavigny,VD
1176,St-Livres,St-Livres,VD
1180,Rolle,Rolle,VD
1182,Gilly,Gilly,VD
1183,Bursins,Bursins,VD
1184,Vinzel,Vinzel,VD
1185,Mont-sur-Rolle,Mont-sur-Rolle,VD
1186,Essertines-Rolle,Essertines-Rolle,VD
1187,St-Oyens,St-Oyens,VD
1189,Saubraz,Saubraz,VD
1188,Gimel,Gimel,VD
1195,Dully-Bursinel,Dully-Bursinel,VD
1196,Gland,Gland,VD
1197,Prangins,Prangins,VD
1200,Genève,Geneve,GE
1201,Genève,Geneve,GE
1202,Genève,Geneve,GE
1203,Genève,Geneve,GE
1204,Genève,Geneve,GE
1205,Genève,Geneve,GE
1206,Genève,Geneve,GE
1207,Genève,Geneve,GE
1208,Genève,Geneve,GE
1209,Genève,Geneve,GE
1211,Genève 1,Geneve 1,GE
1212,Grand-Lancy,Grand-Lancy,GE
1213,Petit-Lancy,Petit-Lancy,GE
1214,Vernier,Vernier,GE
1215,Genève,Geneve,GE
1216,Cointrin,Cointrin,GE
1217,Meyrin,Meyrin,GE
1218,Le Grand-Saconnex,Le Grand-Saconnex,GE
1219,Le Lignon,Le Lignon,GE
1220,Les Avanchets,Les Avanchets,GE
1222,Vésenaz,Vesenaz,GE
1223,Cologny,Cologny,GE
1224,Chêne-Bougeries,Chene-Bougeries,GE
1225,Chêne-Bourg,Chene-Bourg,GE
1226,Thônex,Thonex,GE
1227,Carouge GE,Carouge GE,GE
1228,Plan-les-Ouates,Plan-les-Ouates,GE
1231,Conches,Conches,GE
1232,Confignon,Confignon,GE
1233,Bernex,Bernex,GE
1234,Vessy,Vessy,GE
1236,Cartigny,Cartigny,GE
1237,Avully,Avully,GE
1239,Collex,Collex,GE
1241,Puplinge,Puplinge,GE
1242,Satigny,Satigny,GE
1243,Presinge,Presinge,GE
1244,Choulex,Choulex,GE
1245,Collonge-Bellerive,Collonge-Bellerive,GE
1246,Corsier GE,Corsier GE,GE
1247,Anières,Anieres,GE
1248,Hermance,Hermance,GE
1251,Gy,Gy,GE
1252,Meinier,Meinier,GE
1253,Vandoeuvres,Vandoeuvres,GE
1254,Jussy,Jussy,GE
1255,Veyrier,Veyrier,GE
1256,Troinex,Troinex,GE
1257,La Croix-de-Rozon,La Croix-de-Rozon,GE
1258,Perly,Perly,GE
1260,Nyon,Nyon,VD
1277,Borex,Borex,VD
1278,La Rippe,La Rippe,VD
1279,Chavannes-de-Bogis,Chavannes-de-Bogis,VD
1274,Grens,Grens,VD
1275,Chéserex,Cheserex,VD
1276,Gingins,Gingins,VD
1270,Trélex,Trelex,VD
1271,Givrins,Givrins,VD
1272,Genolier,Genolier,VD
1273,Le Muids,Le Muids,VD
1268,Burtigny,Burtigny,VD
1261,Marchissy,Marchissy,VD
1269,Bassins,Bassins,VD
1262,Eysins,Eysins,VD
1263,Crassier,Crassier,VD
1264,St-Cergue,St-Cergue,VD
1265,La Cure,La Cure,VD
1266,Duillier,Duillier,VD
1267,Vich-Coinsins,Vich-Coinsins,VD
1281,Russin,Russin,GE
1283,Dardagny,Dardagny,GE
1284,Chancy,Chancy,GE
1285,Athenaz (Avusy),Athenaz (Avusy),GE
1286,Soral,Soral,GE
1287,Laconnex,Laconnex,GE
1288,Aire-la-Ville,Aire-la-Ville,GE
1290,Versoix,Versoix,GE
1291,Commugny,Commugny,VD
1292,Chambésy,Chambesy,GE
1293,Bellevue,Bellevue,GE
1294,Genthod,Genthod,GE
1295,Mies-Tannay,Mies-Tannay,VD
1296,Coppet,Coppet,VD
1297,Founex,Founex,VD
1298,Céligny,Celigny,GE
1299,Crans-près-Céligny,Crans-pres-Celigny,VD
1302,Vufflens-la-Ville,Vufflens-la-Ville,VD
1307,Lussery-Villars,Lussery-Villars,VD
1305,Penthalaz,Penthalaz,VD
1315,La Sarraz,La Sarraz,VD
1317,Orny,Orny,VD
1316,Chevilly,Chevilly,VD
1337,Vallorbe,Vallorbe,VD
1338,Ballaigues,Ballaigues,VD
1341,Orient,Orient,VD
1346,Les Bioux,Les Bioux,VD
1344,L'Abbaye,L'Abbaye,VD
1342,Le Pont,Le Pont,VD
1343,Les Charbonnières,Les Charbonnieres,VD
1345,Le Lieu,Le Lieu,VD
1347,Le Sentier,Le Sentier,VD
1348,Le Brassus,Le Brassus,VD
1306,Daillens,Daillens,VD
1303,Penthaz,Penthaz,VD
1308,La Chaux-Cossonay,La Chaux-Cossonay,VD
1313,Ferreyres,Ferreyres,VD
1321,Arnex-sur-Orbe,Arnex-sur-Orbe,VD
1318,Pompaples,Pompaples,VD
1312,Eclépens,Eclepens,VD
1329,Bretonnières,Bretonnieres,VD
1322,Croy,Croy,VD
1323,Romainmôtier,Romainmotier,VD
1324,Premier,Premier,VD
1325,Vaulion,Vaulion,VD
1326,Juriens,Juriens,VD
1350,Orbe,Orbe,VD
1352,Agiez,Agiez,VD
1353,Bofflens,Bofflens,VD
1354,Montcherand,Montcherand,VD
1355,L'Abergement,L'Abergement,VD
1356,Les Clées,Les Clees,VD
1357,Lignerolle,Lignerolle,VD
1358,Valeyres-Rances,Valeyres-Rances,VD
1439,Rances,Rances,VD
1373,Chavornay,Chavornay,VD
1372,Bavois,Bavois,VD
1374,Corcelles-Chavorn,Corcelles-Chavorn,VD
1375,Penthéréaz,Penthereaz,VD
1376,Goumoens-la-Ville,Goumoens-la-Ville,VD
1400,Yverdon-les-Bains,Yverdon-les-Bains,VD
1401,Yverdon-les-Bains,Yverdon-les-Bains,VD
1416,Pailly,Pailly,VD
1418,Vuarrens,Vuarrens,VD
1420,Fiez,Fiez,VD
1421,Fontaines-Grandson,Fontaines-Grandson,VD
1423,Villars-Burquin,Villars-Burquin,VD
1453,Mauborget,Mauborget,VD
1429,Giez,Giez,VD
1430,Orges,Orges,VD
1431,Vugelles-La Mothe,Vugelles-La Mothe,VD
1405,Pomy,Pomy,VD
1406,Cronay,Cronay,VD
1408,Prahins,Prahins,VD
1409,Chanéaz,Chaneaz,VD
1412,Valeyres-Ursins,Valeyres-Ursins,VD
1413,Orzens,Orzens,VD
1046,Rueyres,Rueyres,VD
1404,Cuarny,Cuarny,VD
1427,Bonvillars,Bonvillars,VD
1424,Champagne,Champagne,VD
1415,Molondin,Molondin,VD
1422,Grandson,Grandson,VD
1425,Onnens VD,Onnens VD,VD
1426,Concise,Concise,VD
1432,Belmont-Yverdon,Belmont-Yverdon,VD
1433,Suchy,Suchy,VD
1434,Ependes VD,Ependes VD,VD
1435,Essert-Pittet,Essert-Pittet,VD
1587,Montmagny,Montmagny,VD
1436,Treycovagnes,Treycovagnes,VD
1437,Suscévaz,Suscevaz,VD
1438,Mathod,Mathod,VD
1441,Valeyres-Montagny,Valeyres-Montagny,VD
1442,Montagny-Yverdon,Montagny-Yverdon,VD
1443,Champvent,Champvent,VD
1445,Vuiteboeuf,Vuiteboeuf,VD
1446,Baulmes,Baulmes,VD
1450,Ste-Croix,Ste-Croix,VD
1454,L'Auberson,L'Auberson,VD
1452,Les Rasses,Les Rasses,VD
1462,Yvonand,Yvonand,VD
1463,Rovray,Rovray,VD
1464,Chavannes-le-Chêne,Chavannes-le-Chene,VD
1468,Cheyres,Cheyres,FR
1470,Estavayer-le-Lac,Estavayer-le-Lac,FR
1473,Font,Font,FR
1474,Châbles FR,Chables FR,FR
1483,Montet (Broye),Montet (Broye),FR
1482,Cugy FR,Cugy FR,FR
1541,Bussy FR,Bussy FR,FR
1484,Aumont,Aumont,FR
1485,Nuvilly,Nuvilly,FR
1486,Vuissens,Vuissens,FR
1537,Champtauroz,Champtauroz,VD
1538,Treytorrens-Payern,Treytorrens-Payern,VD
1489,Murist,Murist,FR
1512,Chavannes-s-Moudon,Chavannes-s-Moudon,VD
1513,Hermenches,Hermenches,VD
1514,Bussy-sur-Moudon,Bussy-sur-Moudon,VD
1522,Oulens-sur-Lucens,Oulens-sur-Lucens,VD
1515,Villars-le-Comte,Villars-le-Comte,VD
1521,Curtilles,Curtilles,VD
1523,Granges-Marnand,Granges-Marnand,VD
1527,Villeneuve FR,Villeneuve FR,FR
1528,Surpierre,Surpierre,FR
1529,Cheiry,Cheiry,FR
1530,Payerne,Payerne,VD
1532,Fétigny,Fetigny,FR
1533,Ménières,Menieres,FR
1534,Sassel,Sassel,VD
1536,Combremont-Petit,Combremont-Petit,VD
1526,Forel-sur-Lucens,Forel-sur-Lucens,VD
1542,Rueyres-les-Prés,Rueyres-les-Pres,FR
1543,Grandcour,Grandcour,VD
1544,Gletterens,Gletterens,FR
1545,Chevroux,Chevroux,VD
1551,Vers-chez-Perrin,Vers-chez-Perrin,VD
1552,Trey,Trey,VD
1553,Châtonnaye,Chatonnaye,FR
1554,Sédeilles,Sedeilles,VD
1555,Villarzel,Villarzel,VD
1682,Villars-Bramard,Villars-Bramard,VD
1535,Combremont-Grand,Combremont-Grand,VD
1562,Corcelles-Payerne,Corcelles-Payerne,VD
1563,Dompierre FR,Dompierre FR,FR
1564,Domdidier,Domdidier,FR
1565,Missy,Missy,VD
1475,Autavaux,Autavaux,FR
1567,Delley,Delley,FR
1568,Portalban,Portalban,FR
1566,St-Aubin FR,St-Aubin FR,FR
1580,Avenches,Avenches,VD
1582,Donatyre,Donatyre,VD
1583,Villarepos,Villarepos,FR
1584,Villars-le-Grand,Villars-le-Grand,VD
1585,Salavaux,Salavaux,VD
1586,Vallamand,Vallamand,VD
1589,Chabrey,Chabrey,VD
1588,Cudrefin,Cudrefin,VD
1595,Faoug,Faoug,VD
1607,Palézieux-Village,Palezieux-Village,VD
1610,Châtillens,Chatillens,VD
1525,Henniez,Henniez,VD
1524,Marnand,Marnand,VD
1090,La Croix (Lutry),La Croix (Lutry),VD
1091,Grandvaux,Grandvaux,VD
1070,Puidoux,Puidoux,VD
1071,Chexbres,Chexbres,VD
1072,Forel (Lavaux),Forel (Lavaux),VD
1614,Granges (Veveyse),Granges (Veveyse),FR
1615,Bossonnens,Bossonnens,FR
1616,Attalens,Attalens,FR
1617,Remaufens,Remaufens,FR
1618,Châtel-St-Denis,Chatel-St-Denis,FR
1619,Les Paccots,Les Paccots,FR
1623,Semsales,Semsales,FR
1624,La Verrerie,La Verrerie,FR
1627,Vaulruz,Vaulruz,FR
1628,Vuadens,Vuadens,FR
1630,Bulle,Bulle,FR
1633,Vuippens,Vuippens,FR
1642,Sorens,Sorens,FR
1643,Gumefens,Gumefens,FR
1644,Avry-devant-Pont,Avry-devant-Pont,FR
1645,Le Bry,Le Bry,FR
1646,Echarlens,Echarlens,FR
1647,Corbières,Corbieres,FR
1648,Hauteville,Hauteville,FR
1656,Im Fang,Im Fang,FR
1657,Abländschen,Ablandschen,BE
1654,Cerniat FR,Cerniat FR,FR
1651,Villarvolard,Villarvolard,FR
1652,Botterens,Botterens,FR
1638,Morlon,Morlon,FR
1663,Moléson-s-Gruyères,Moleson-s-Gruyeres,FR
1632,Riaz,Riaz,FR
1634,La Roche FR,La Roche FR,FR
1649,Pont-la-Ville,Pont-la-Ville,FR
1635,La Tour-de-Trême,La Tour-de-Treme,FR
1636,Broc,Broc,FR
1637,Charmey (Gruyère),Charmey (Gruyere),FR
1661,Pâquier-Montbarry,Paquier-Montbarry,FR
1665,Estavannens,Estavannens,FR
1667,Enney,Enney,FR
1669,Neirivue,Neirivue,FR
1666,Grandvillard,Grandvillard,FR
1675,Vauderens,Vauderens,FR
1674,Vuarmarens,Vuarmarens,FR
1678,Siviriez,Siviriez,FR
1679,Villaraboud,Villaraboud,FR
1676,Chavannes-Forts,Chavannes-Forts,FR
1677,Prez-vers-Siviriez,Prez-vers-Siviriez,FR
1680,Romont FR,Romont FR,FR
1681,Billens,Billens,FR
1683,Brenles,Brenles,VD
1694,Orsonnens,Orsonnens,FR
1695,Villarlod,Villarlod,FR
1696,Vuisternens-Ogoz,Vuisternens-Ogoz,FR
1684,Mézières FR,Mezieres FR,FR
1685,Villariaz,Villariaz,FR
1687,Estévenens,Estevenens,FR
1686,Grangettes-Romont,Grangettes-Romont,FR
1689,Châtelard-p-Romont,Chatelard-p-Romont,FR
1688,Sommentier,Sommentier,FR
1626,Romanens,Romanens,FR
1692,Massonnens,Massonnens,FR
1625,Sâles (Gruyère),Sales (Gruyere),FR
1612,Ecoteaux,Ecoteaux,VD
1613,Maracon,Maracon,VD
1608,Oron-le-Châtel,Oron-le-Chatel,VD
1609,St-Martin FR,St-Martin FR,FR
1611,Le Crêt-p-Semsales,Le Cret-p-Semsales,FR
1697,La Joux FR,La Joux FR,FR
1699,Bouloz,Bouloz,FR
1700,Fribourg,Fribourg,FR
1702,Fribourg,Fribourg,FR
1704,Fribourg,Fribourg,FR
1705,Fribourg,Fribourg,FR
1707,Fribourg,Fribourg,FR
1708,Fribourg,Fribourg,FR
1763,Granges-Paccot,Granges-Paccot,FR
1701,Fribourg,Fribourg,FR
1720,Corminboeuf,Corminboeuf,FR
1721,Misery-Courtion,Misery-Courtion,FR
1735,Giffers,Giffers,FR
1736,St. Silvester,St. Silvester,FR
1737,Plasselb,Plasselb,FR
1738,Sangernboden,Sangernboden,BE
1716,Schwarzsee,Schwarzsee,FR
1724,Bonnefontaine,Bonnefontaine,FR
1727,Corpataux-Magneden,Corpataux-Magneden,FR
1728,Rossens FR,Rossens FR,FR
1719,Brünisried,Brunisried,FR
1731,Ependes FR,Ependes FR,FR
1732,Arconciel,Arconciel,FR
1733,Treyvaux,Treyvaux,FR
1712,Tafers,Tafers,FR
1713,St. Antoni,St. Antoni,FR
1714,Heitenried,Heitenried,FR
1715,Alterswil FR,Alterswil FR,FR
1717,St. Ursen,St. Ursen,FR
1718,Rechthalten,Rechthalten,FR
1722,Bourguillon,Bourguillon,FR
1723,Marly,Marly,FR
1725,Posieux,Posieux,FR
1726,Farvagny,Farvagny,FR
1746,Prez-vers-Noréaz,Prez-vers-Noreaz,FR
1747,Corserey,Corserey,FR
1748,Torny-le-Grand,Torny-le-Grand,FR
1749,Middes,Middes,FR
1740,Neyruz FR,Neyruz FR,FR
1741,Cottens FR,Cottens FR,FR
1744,Chénens,Chenens,FR
1745,Lentigny,Lentigny,FR
1742,Autigny,Autigny,FR
1691,Villarimboud,Villarimboud,FR
1752,Villars-sur-Glâne,Villars-sur-Glane,FR
1753,Matran,Matran,FR
1754,Rosé,Rose,FR
1756,Onnens FR,Onnens FR,FR
1757,Noréaz,Noreaz,FR
1690,Villaz-St-Pierre,Villaz-St-Pierre,FR
1762,Givisiez,Givisiez,FR
1772,Grolley,Grolley,FR
1773,Léchelles,Lechelles,FR
1774,Cousset,Cousset,FR
1776,Montagny-la-Ville,Montagny-la-Ville,FR
1795,Courlevon,Courlevon,FR
1796,Courgevaux,Courgevaux,FR
1797,Münchenwiler,Munchenwiler,BE
1794,Salvenach,Salvenach,FR
1793,Jeuss,Jeuss,FR
1792,Cordast,Cordast,FR
1791,Courtaman,Courtaman,FR
1788,Praz (Vully),Praz (Vully),FR
1789,Lugnorre,Lugnorre,FR
1782,Belfaux,Belfaux,FR
1783,Pensier,Pensier,FR
1784,Courtepin,Courtepin,FR
1785,Cressier FR,Cressier FR,FR
1786,Sugiez,Sugiez,FR
1787,Môtier (Vully),Motier (Vully),FR
1800,Vevey,Vevey,VD
1801,Le Mont-Pèlerin,Le Mont-Pelerin,VD
1808,Monts-de-Corsier,Monts-de-Corsier,VD
1809,Fenil-sur-Corsier,Fenil-sur-Corsier,VD
1802,Corseaux,Corseaux,VD
1803,Chardonne,Chardonne,VD
1804,Corsier-sur-Vevey,Corsier-sur-Vevey,VD
1805,Jongny,Jongny,VD
1806,St-Légier-Chiésaz,St-Legier-Chiesaz,VD
1807,Blonay,Blonay,VD
1814,La Tour-de-Peilz,La Tour-de-Peilz,VD
1815,Clarens,Clarens,VD
1816,Chailly-Montreux,Chailly-Montreux,VD
1817,Brent,Brent,VD
1820,Montreux,Montreux,VD
1822,Chernex,Chernex,VD
1823,Glion,Glion,VD
1824,Caux,Caux,VD
1832,Villard-sur-Chamby,Villard-sur-Chamby,VD
1658,La Tine,La Tine,VD
1660,Les Moulins,Les Moulins,VD
1659,Flendruz,Flendruz,VD
1833,Les Avants,Les Avants,VD
1844,Villeneuve VD,Villeneuve VD,VD
1847,Rennaz,Rennaz,VD
1845,Noville,Noville,VD
1846,Chessel,Chessel,VD
1852,Roche VD,Roche VD,VD
1853,Yvorne,Yvorne,VD
1854,Leysin,Leysin,VD
1867,St-Triphon,St-Triphon,VD
1860,Aigle,Aigle,VD
1856,Corbeyrier,Corbeyrier,VD
1862,La Comballaz,La Comballaz,VD
1866,La Forclaz VD,La Forclaz VD,VD
1884,Huémoz,Huemoz,VD
1863,Le Sépey,Le Sepey,VD
1864,Vers-l'Eglise,Vers-l'Eglise,VD
1865,Les Diablerets,Les Diablerets,VD
1868,Collombey,Collombey,VS
1870,Monthey,Monthey,VS
1871,Choëx,Choex,VS
1872,Troistorrents,Troistorrents,VS
1873,Val-d'Illiez,Val-d'Illiez,VS
1874,Champéry,Champery,VS
1875,Morgins,Morgins,VS
1880,Bex,Bex,VD
1882,Gryon,Gryon,VD
1885,Chesières,Chesieres,VD
1890,St-Maurice,St-Maurice,VS
1891,Vérossaz,Verossaz,VS
1869,Massongex,Massongex,VS
1895,Vionnaz,Vionnaz,VS
1897,Les Evouettes,Les Evouettes,VS
1899,Torgon,Torgon,VS
1892,Lavey-Village,Lavey-Village,VD
1893,Muraz (Collombey),Muraz (Collombey),VS
1896,Vouvry,Vouvry,VS
1898,St-Gingolph,St-Gingolph,VS
1902,Evionnaz,Evionnaz,VS
1903,Collonges,Collonges,VS
1904,Vernayaz,Vernayaz,VS
1905,Dorénaz,Dorenaz,VS
1906,Charrat,Charrat,VS
1907,Saxon,Saxon,VS
1908,Riddes,Riddes,VS
1912,Leytron,Leytron,VS
1911,Ovronnaz,Ovronnaz,VS
1913,Saillon,Saillon,VS
1914,Isérables,Iserables,VS
1918,La Tzoumaz,La Tzoumaz,VS
1955,Chamoson,Chamoson,VS
1957,Ardon,Ardon,VS
1920,Martigny,Martigny,VS
1921,Martigny-Croix,Martigny-Croix,VS
1923,Le Trétien,Le Tretien,VS
1925,Le Châtelard VS,Le Chatelard VS,VS
1927,Chemin,Chemin,VS
1929,Trient,Trient,VS
1928,Ravoire,Ravoire,VS
1922,Salvan,Salvan,VS
1926,Fully,Fully,VS
1932,Bovernier,Bovernier,VS
1947,Versegères,Versegeres,VS
1941,Vollèges,Volleges,VS
1942,Levron,Levron,VS
1948,Lourtier,Lourtier,VS
1945,Liddes,Liddes,VS
1946,Bourg-St-Pierre,Bourg-St-Pierre,VS
1943,Praz-de-Fort,Praz-de-Fort,VS
1944,La Fouly VS,La Fouly VS,VS
1933,Sembrancher,Sembrancher,VS
1934,Le Châble VS,Le Chable VS,VS
1936,Verbier,Verbier,VS
1937,Orsières,Orsieres,VS
1938,Champex-Lac,Champex-Lac,VS
1950,Sion,Sion,VS
1951,Sion,Sion,VS
1975,St-Séverin,St-Severin,VS
1976,Erde,Erde,VS
1971,Grimisuat,Grimisuat,VS
1974,Arbaz,Arbaz,VS
1961,Vernamiège,Vernamiege,VS
1973,Nax,Nax,VS
1968,Mase,Mase,VS
1969,St-Martin VS,St-Martin VS,VS
1981,Vex,Vex,VS
1982,Euseigne,Euseigne,VS
1984,Les Haudères,Les Hauderes,VS
1986,Arolla,Arolla,VS
1985,La Sage,La Sage,VS
1987,Hérémence,Heremence,VS
1988,Les Collons,Les Collons,VS
1991,Salins,Salins,VS
1992,Les Agettes,Les Agettes,VS
1993,Veysonnaz,Veysonnaz,VS
1997,Siviez (Nendaz),Siviez (Nendaz),VS
1996,Fey (Nendaz),Fey (Nendaz),VS
1994,Aproz (Nendaz),Aproz (Nendaz),VS
1962,Pont-de-la-Morge,Pont-de-la-Morge,VS
1963,Vétroz,Vetroz,VS
1964,Conthey,Conthey,VS
1965,Savièse,Saviese,VS
1966,Ayent,Ayent,VS
1967,Bramois,Bramois,VS
1983,Evolène,Evolene,VS
1972,Anzère,Anzere,VS
2000,Neuchâtel,Neuchatel,NE
2001,Neuchâtel 1 Dépôt,Neuchatel 1 Depot,NE
2004,Neuchâtel 4,Neuchatel 4,NE
2007,Neuchâtel 7,Neuchatel 7,NE
2008,Neuchâtel,Neuchatel,NE
2009,Neuchâtel 9,Neuchatel 9,NE
2002,Neuchâtel 2,Neuchatel 2,NE
2003,Neuchâtel 3,Neuchatel 3,NE
2006,Neuchâtel 6,Neuchatel 6,NE
2012,Auvernier,Auvernier,NE
2013,Colombier NE,Colombier NE,NE
2014,Bôle,Bole,NE
2015,Areuse,Areuse,NE
2016,Cortaillod,Cortaillod,NE
2017,Boudry,Boudry,NE
2022,Bevaix,Bevaix,NE
2023,Gorgier,Gorgier,NE
2024,St-Aubin-Sauges,St-Aubin-Sauges,NE
2025,Chez-le-Bart,Chez-le-Bart,NE
2028,Vaumarcus,Vaumarcus,NE
2034,Peseux,Peseux,NE
2035,Corcelles NE,Corcelles NE,NE
2036,Cormondrèche,Cormondreche,NE
2042,Valangin,Valangin,NE
2043,Boudevilliers,Boudevilliers,NE
2046,Fontaines NE,Fontaines NE,NE
2052,Fontainemelon,Fontainemelon,NE
2053,Cernier,Cernier,NE
2054,Chézard-St-Martin,Chezard-St-Martin,NE
2056,Dombresson,Dombresson,NE
2057,Villiers,Villiers,NE
2058,Le Pâquier NE,Le Paquier NE,NE
2063,Vilars NE,Vilars NE,NE
2065,Savagnier,Savagnier,NE
2067,Chaumont,Chaumont,NE
2068,Hauterive NE,Hauterive NE,NE
2072,St-Blaise,St-Blaise,NE
2073,Enges,Enges,NE
2074,Marin-Epagnier,Marin-Epagnier,NE
3238,Gals,Gals,BE
2087,Cornaux NE,Cornaux NE,NE
2088,Cressier NE,Cressier NE,NE
2318,Brot-Plamboz,Brot-Plamboz,NE
2103,Noiraigue,Noiraigue,NE
2105,Travers,Travers,NE
2108,Couvet,Couvet,NE
2112,Môtiers NE,Motiers NE,NE
2113,Boveresse,Boveresse,NE
2114,Fleurier,Fleurier,NE
2115,Buttes,Buttes,NE
2117,La Côte-aux-Fées,La Cote-aux-Fees,NE
2123,St-Sulpice NE,St-Sulpice NE,NE
2406,La Brévine,La Brevine,NE
2126,Les Verrières,Les Verrieres,NE
2127,Les Bayards,Les Bayards,NE
2149,Champ-du-Moulin,Champ-du-Moulin,NE
2124,Les Sagnettes,Les Sagnettes,NE
2116,Mont-de-Buttes,Mont-de-Buttes,NE
2019,Chambrelien,Chambrelien,NE
2037,Montmollin,Montmollin,NE
2206,Geneveys-Coffrane,Geneveys-Coffrane,NE
2207,Coffrane,Coffrane,NE
2208,Les Hauts-Geneveys,Les Hauts-Geneveys,NE
2300,La Chaux-de-Fonds,La Chaux-de-Fonds,NE
2302,La Chaux-de-Fonds,La Chaux-de-Fonds,NE
2303,La Chaux-de-Fonds,La Chaux-de-Fonds,NE
2306,La Chaux-de-Fonds,La Chaux-de-Fonds,NE
2301,La Chaux-de-Fonds,La Chaux-de-Fonds,NE
2304,La Chaux-de-Fonds,La Chaux-de-Fonds,NE
2316,Petit-Martel,Petit-Martel,NE
2338,Les Emibois,Les Emibois,JU
2314,La Sagne NE,La Sagne NE,NE
2322,Le Crêt-du-Locle,Le Cret-du-Locle,NE
2325,Les Planchettes,Les Planchettes,NE
2333,La Ferrière,La Ferriere,BE
2336,Les Bois,Les Bois,JU
2400,Le Locle,Le Locle,NE
2405,La Chaux-du-Milieu,La Chaux-du-Milieu,NE
2414,Cerneux-Péquignot,Cerneux-Pequignot,NE
2416,Les Brenets,Les Brenets,NE
4001,Basel,Basel,BS
2500,Biel/Bienne,Biel/Bienne,BE
2501,Biel/Bienne,Biel/Bienne,BE
2502,Biel/Bienne,Biel/Bienne,BE
2503,Biel/Bienne,Biel/Bienne,BE
2504,Biel/Bienne,Biel/Bienne,BE
2505,Biel/Bienne,Biel/Bienne,BE
2512,Tüscherz-Alfermée,Tuscherz-Alfermee,BE
2513,Twann,Twann,BE
2514,Ligerz,Ligerz,BE
2515,Prêles,Preles,BE
2516,Lamboing,Lamboing,BE
2517,Diesse,Diesse,BE
2518,Nods,Nods,BE
2520,La Neuveville,La Neuveville,BE
2523,Lignières,Lignieres,NE
2525,Le Landeron,Le Landeron,NE
2532,Magglingen/Macolin,Magglingen/Macolin,BE
2533,Evilard,Evilard,BE
2534,Orvin,Orvin,BE
2535,Frinvillier,Frinvillier,BE
2536,Plagne,Plagne,BE
2537,Vauffelin,Vauffelin,BE
2538,Romont BE,Romont BE,BE
2540,Grenchen,Grenchen,SO
2542,Pieterlen,Pieterlen,BE
2543,Lengnau BE,Lengnau BE,BE
2544,Bettlach,Bettlach,SO
2545,Selzach,Selzach,SO
2552,Orpund,Orpund,BE
2553,Safnern,Safnern,BE
2554,Meinisberg,Meinisberg,BE
2555,Brügg BE,Brugg BE,BE
2556,Scheuren,Scheuren,BE
2557,Studen BE,Studen BE,BE
2558,Aegerten,Aegerten,BE
2560,Nidau,Nidau,BE
2562,Port,Port,BE
2563,Ipsach,Ipsach,BE
2564,Bellmund,Bellmund,BE
2565,Jens,Jens,BE
2572,Sutz,Sutz,BE
2575,Täuffelen,Tauffelen,BE
2576,Lüscherz,Luscherz,BE
2577,Siselen BE,Siselen BE,BE
3237,Brüttelen,Bruttelen,BE
2603,Péry,Pery,BE
2604,La Heutte,La Heutte,BE
2605,Sonceboz-Sombeval,Sonceboz-Sombeval,BE
2606,Corgémont,Corgemont,BE
2607,Cortébert,Cortebert,BE
2608,Courtelary,Courtelary,BE
2610,St-Imier,St-Imier,BE
2612,Cormoret,Cormoret,BE
2613,Villeret,Villeret,BE
2615,Sonvilier,Sonvilier,BE
2616,Renan BE,Renan BE,BE
2710,Tavannes,Tavannes,BE
2712,Le Fuet,Le Fuet,BE
2714,Le Prédame,Le Predame,JU
2717,Fornet-Dessous,Fornet-Dessous,BE
2718,Fornet-Dessus,Fornet-Dessus,JU
2715,Châtelat-Monible,Chatelat-Monible,BE
2716,Sornetan,Sornetan,BE
2713,Bellelay,Bellelay,BE
2720,Tramelan,Tramelan,BE
2722,Les Reussilles,Les Reussilles,BE
2723,Mont-Tramelan,Mont-Tramelan,BE
2345,Les Breuleux,Les Breuleux,JU
2340,Le Noirmont,Le Noirmont,JU
2350,Saignelégier,Saignelegier,JU
2353,Les Pommerats,Les Pommerats,JU
2354,Goumois,Goumois,JU
2732,Reconvilier,Reconvilier,BE
2733,Pontenet,Pontenet,BE
2735,Malleray-Bévilard,Malleray-Bevilard,BE
2736,Sorvilier,Sorvilier,BE
2738,Court,Court,BE
2740,Moutier,Moutier,BE
2742,Perrefitte,Perrefitte,BE
2748,Souboz,Souboz,BE
2743,Eschert,Eschert,BE
2744,Belprahon,Belprahon,BE
2747,Seehof,Seehof,BE
2745,Grandval,Grandval,BE
2746,Crémines,Cremines,BE
2762,Roches BE,Roches BE,BE
2832,Rebeuvelier,Rebeuvelier,JU
2830,Courrendlin,Courrendlin,JU
2800,Delémont,Delemont,JU
2802,Develier,Develier,JU
2803,Bourrignon,Bourrignon,JU
2805,Soyhières,Soyhieres,JU
2806,Mettembert,Mettembert,JU
2807,Pleigne,Pleigne,JU
2812,Movelier,Movelier,JU
2813,Ederswiler,Ederswiler,JU
2814,Roggenburg,Roggenburg,BL
2822,Courroux,Courroux,JU
2823,Courcelon,Courcelon,JU
2824,Vicques,Vicques,JU
2825,Courchapoix,Courchapoix,JU
2826,Corban,Corban,JU
2827,Mervelier,Mervelier,JU
2828,Montsevelier,Montsevelier,JU
2829,Vermes,Vermes,JU
2842,Rossemaison,Rossemaison,JU
2843,Châtillon JU,Chatillon JU,JU
2852,Courtételle,Courtetelle,JU
2853,Courfaivre,Courfaivre,JU
2854,Bassecourt,Bassecourt,JU
2855,Glovelier,Glovelier,JU
2856,Boécourt,Boecourt,JU
2857,Montavon,Montavon,JU
2863,Undervelier,Undervelier,JU
2864,Soulce,Soulce,JU
2873,Saulcy,Saulcy,JU
2882,St-Ursanne,St-Ursanne,JU
2883,Montmelon,Montmelon,JU
2884,Montenol,Montenol,JU
2885,Epauvillers,Epauvillers,JU
2886,Epiquerez,Epiquerez,JU
2887,Soubey,Soubey,JU
2888,Seleute,Seleute,JU
2889,Ocourt,Ocourt,JU
2950,Courgenay,Courgenay,JU
2900,Porrentruy,Porrentruy,JU
2902,Fontenais,Fontenais,JU
2903,Villars-Fontenais,Villars-Fontenais,JU
2904,Bressaucourt,Bressaucourt,JU
2905,Courtedoux,Courtedoux,JU
2906,Chevenez,Chevenez,JU
2907,Rocourt,Rocourt,JU
2908,Grandfontaine,Grandfontaine,JU
2912,Roche-d'Or,Roche-d'Or,JU
2914,Damvant,Damvant,JU
2915,Bure,Bure,JU
2916,Fahy,Fahy,JU
2922,Courchavon,Courchavon,JU
2923,Courtemaîche,Courtemaiche,JU
2924,Montignez,Montignez,JU
2925,Buix,Buix,JU
2926,Boncourt,Boncourt,JU
2932,Coeuve,Coeuve,JU
2935,Beurnevésin,Beurnevesin,JU
2942,Alle,Alle,JU
2943,Vendlincourt,Vendlincourt,JU
2944,Bonfol,Bonfol,JU
2946,Miécourt,Miecourt,JU
2947,Charmoille,Charmoille,JU
2952,Cornol,Cornol,JU
2953,Fregiécourt-Pleuj,Fregiecourt-Pleuj,JU
2954,Asuel,Asuel,JU
3000,Bern,Bern,BE
3001,Bern,Bern,BE
3002,Bern Postfinance,Bern Postfinance,BE
3003,Bern,Bern,BE
3004,Bern,Bern,BE
3005,Bern,Bern,BE
3006,Bern,Bern,BE
3007,Bern,Bern,BE
3008,Bern,Bern,BE
3010,Bern,Bern,BE
3011,Bern,Bern,BE
3012,Bern,Bern,BE
3013,Bern,Bern,BE
3014,Bern,Bern,BE
3015,Bern,Bern,BE
3018,Bern,Bern,BE
3019,Bern,Bern,BE
3020,Bern,Bern,BE
3027,Bern,Bern,BE
3095,Spiegel b. Bern,Spiegel b. Bern,BE
3032,Hinterkappelen,Hinterkappelen,BE
3033,Wohlen b. Bern,Wohlen b. Bern,BE
3034,Murzelen,Murzelen,BE
3035,Frieswil,Frieswil,BE
3036,Detligen,Detligen,BE
3037,Herrenschwanden,Herrenschwanden,BE
3038,Kirchlindach,Kirchlindach,BE
3042,Ortschwaben,Ortschwaben,BE
3043,Uettligen,Uettligen,BE
3049,Säriswil,Sariswil,BE
3045,Meikirch,Meikirch,BE
3046,Wahlendorf,Wahlendorf,BE
3047,Bremgarten b. Bern,Bremgarten b. Bern,BE
3048,Worblaufen,Worblaufen,BE
3052,Zollikofen,Zollikofen,BE
3053,Münchenbuchsee,Munchenbuchsee,BE
3054,Schüpfen,Schupfen,BE
3063,Ittigen,Ittigen,BE
3065,Bolligen,Bolligen,BE
3066,Stettlen,Stettlen,BE
3067,Boll,Boll,BE
3068,Utzigen,Utzigen,BE
3072,Ostermundigen,Ostermundigen,BE
3073,Gümligen,Gumligen,BE
3074,Muri b. Bern,Muri b. Bern,BE
3075,Rüfenacht BE,Rufenacht BE,BE
3076,Worb,Worb,BE
3077,Enggistein,Enggistein,BE
3078,Richigen,Richigen,BE
3082,Schlosswil,Schlosswil,BE
3083,Trimstein,Trimstein,BE
3084,Wabern,Wabern,BE
3088,Oberbütschel,Oberbutschel,BE
3086,Zimmerwald,Zimmerwald,BE
3087,Niedermuhlern,Niedermuhlern,BE
3089,Hinterfultigen,Hinterfultigen,BE
3096,Oberbalm,Oberbalm,BE
3097,Liebefeld,Liebefeld,BE
3098,Köniz,Koniz,BE
3099,Rüti b. Riggisberg,Ruti b. Riggisberg,BE
3110,Münsingen,Munsingen,BE
3112,Allmendingen b. BE,Allmendingen b. BE,BE
3114,Wichtrach,Wichtrach,BE
3115,Gerzensee,Gerzensee,BE
3116,Kirchdorf BE,Kirchdorf BE,BE
3629,Kiesen,Kiesen,BE
3628,Uttigen,Uttigen,BE
3122,Kehrsatz,Kehrsatz,BE
3123,Belp,Belp,BE
3124,Belpberg,Belpberg,BE
3125,Toffen,Toffen,BE
3126,Kaufdorf,Kaufdorf,BE
3127,Mühlethurnen,Muhlethurnen,BE
3128,Kirchenthurnen,Kirchenthurnen,BE
3132,Riggisberg,Riggisberg,BE
3664,Burgistein,Burgistein,BE
3665,Wattenwil,Wattenwil,BE
3662,Seftigen,Seftigen,BE
3663,Gurzelen,Gurzelen,BE
3661,Uetendorf,Uetendorf,BE
3144,Gasel,Gasel,BE
3145,Niederscherli,Niederscherli,BE
3147,Mittelhäusern,Mittelhausern,BE
3148,Lanzenhäusern,Lanzenhausern,BE
3150,Schwarzenburg,Schwarzenburg,BE
3152,Mamishaus,Mamishaus,BE
3153,Rüschegg Gambach,Ruschegg Gambach,BE
3154,Rüschegg Heubach,Ruschegg Heubach,BE
3155,Helgisried,Helgisried,BE
3156,Riffenmatt,Riffenmatt,BE
3157,Milken,Milken,BE
3158,Guggisberg,Guggisberg,BE
3159,Riedstätt,Riedstatt,BE
3172,Niederwangen BE,Niederwangen BE,BE
3173,Oberwangen b. Bern,Oberwangen b. Bern,BE
3174,Thörishaus,Thorishaus,BE
3175,Flamatt,Flamatt,FR
3176,Neuenegg,Neuenegg,BE
3177,Laupen BE,Laupen BE,BE
3178,Bösingen,Bosingen,FR
3179,Kriechenwil,Kriechenwil,BE
3182,Ueberstorf,Ueberstorf,FR
3183,Albligen,Albligen,BE
3184,Wünnewil,Wunnewil,FR
3186,Düdingen,Dudingen,FR
3202,Frauenkappelen,Frauenkappelen,BE
3203,Mühleberg,Muhleberg,BE
3204,Rosshäusern,Rosshausern,BE
3205,Gümmenen,Gummenen,BE
3206,Rizenbach,Rizenbach,BE
3207,Wileroltigen,Wileroltigen,BE
3208,Gurbrü,Gurbru,BE
3210,Kerzers,Kerzers,FR
3216,Ried b. Kerzers,Ried b. Kerzers,FR
3215,Gempenach,Gempenach,FR
3214,Ulmiz,Ulmiz,FR
3213,Liebistorf,Liebistorf,FR
3212,Gurmels,Gurmels,FR
3225,Müntschemier,Muntschemier,BE
3226,Treiten,Treiten,BE
3232,Ins,Ins,BE
3233,Tschugg,Tschugg,BE
3234,Vinelz,Vinelz,BE
3235,Erlach,Erlach,BE
3236,Gampelen,Gampelen,BE
3250,Lyss,Lyss,BE
3251,Wengi b. Büren,Wengi b. Buren,BE
3252,Worben,Worben,BE
3253,Schnottwil,Schnottwil,SO
3254,Messen,Messen,SO
3255,Rapperswil BE,Rapperswil BE,BE
3256,Dieterswil,Dieterswil,BE
3257,Grossaffoltern,Grossaffoltern,BE
3262,Suberg,Suberg,BE
3263,Büetigen,Buetigen,BE
3264,Diessbach b. Büren,Diessbach b. Buren,BE
3266,Wiler b. Seedorf,Wiler b. Seedorf,BE
3267,Seedorf BE,Seedorf BE,BE
3268,Lobsigen,Lobsigen,BE
3270,Aarberg,Aarberg,BE
3271,Radelfingen,Radelfingen,BE
3272,Walperswil,Walperswil,BE
3273,Kappelen,Kappelen,BE
3274,Hermrigen,Hermrigen,BE
3280,Murten,Murten,FR
3282,Bargen BE,Bargen BE,BE
3283,Kallnach,Kallnach,BE
3284,Fräschels,Fraschels,FR
3285,Galmiz,Galmiz,FR
3286,Muntelier,Muntelier,FR
3292,Busswil BE,Busswil BE,BE
3293,Dotzigen,Dotzigen,BE
3294,Büren an der Aare,Buren an der Aare,BE
3295,Rüti b. Büren,Ruti b. Buren,BE
3296,Arch,Arch,BE
3297,Leuzigen,Leuzigen,BE
3298,Oberwil b. Büren,Oberwil b. Buren,BE
3302,Moosseedorf,Moosseedorf,BE
3303,Jegenstorf,Jegenstorf,BE
3308,Grafenried,Grafenried,BE
3312,Fraubrunnen,Fraubrunnen,BE
3313,Büren zum Hof,Buren zum Hof,BE
3314,Schalunen,Schalunen,BE
3315,Bätterkinden,Batterkinden,BE
3321,Schönbühl EKZ,Schonbuhl EKZ,BE
3322,Urtenen-Schönbühl,Urtenen-Schonbuhl,BE
3323,Bäriswil BE,Bariswil BE,BE
3324,Hindelbank,Hindelbank,BE
3325,Hettiswil,Hettiswil,BE
3326,Krauchthal,Krauchthal,BE
3305,Iffwil,Iffwil,BE
3306,Etzelkofen,Etzelkofen,BE
3307,Brunnenthal,Brunnenthal,SO
3309,Kernenried,Kernenried,BE
3317,Limpach,Limpach,BE
3360,Herzogenbuchsee,Herzogenbuchsee,BE
3429,Höchstetten-Hells,Hochstetten-Hells,BE
4556,Aeschi SO,Aeschi SO,SO
3376,Graben,Graben,BE
3372,Wanzwil,Wanzwil,BE
3373,Heimenhausen,Heimenhausen,BE
3374,Wangenried,Wangenried,BE
3362,Niederönz,Niederonz,BE
3363,Oberönz,Oberonz,BE
3365,Seeberg,Seeberg,BE
3366,Bettenhausen,Bettenhausen,BE
3367,Thörigen,Thorigen,BE
3368,Bleienbach,Bleienbach,BE
3400,Burgdorf,Burgdorf,BE
3401,Burgdorf,Burgdorf,BE
3402,Burgdorf,Burgdorf,BE
3412,Heimiswil,Heimiswil,BE
3413,Kaltacker,Kaltacker,BE
3414,Oberburg,Oberburg,BE
3415,Hasle-Rüegsau,Hasle-Ruegsau,BE
3416,Affoltern BE,Affoltern BE,BE
3417,Rüegsau,Ruegsau,BE
3418,Rüegsbach,Ruegsbach,BE
3419,Biembach,Biembach,BE
3421,Lyssach,Lyssach,BE
3422,Kirchberg BE,Kirchberg BE,BE
3423,Ersigen,Ersigen,BE
3424,Niederösch,Niederosch,BE
3425,Koppigen,Koppigen,BE
3426,Aefligen,Aefligen,BE
3427,Utzenstorf,Utzenstorf,BE
3428,Wiler b.Utzenstorf,Wiler b.Utzenstorf,BE
3432,Lützelflüh-Goldb,Lutzelfluh-Goldb,BE
3433,Schwanden i. E.,Schwanden i. E.,BE
3434,Obergoldbach,Obergoldbach,BE
3435,Ramsei,Ramsei,BE
3436,Zollbrück,Zollbruck,BE
3437,Rüderswil,Ruderswil,BE
3438,Lauperswil,Lauperswil,BE
3439,Ranflüh,Ranfluh,BE
3452,Grünenmatt,Grunenmatt,BE
3453,Heimisbach,Heimisbach,BE
3454,Sumiswald,Sumiswald,BE
3455,Grünen,Grunen,BE
3456,Trachselwald,Trachselwald,BE
3457,Wasen im Emmental,Wasen im Emmental,BE
3462,Weier im Emmental,Weier im Emmental,BE
3463,Häusernmoos,Hausernmoos,BE
3464,Schmidigen-Mühlew,Schmidigen-Muhlew,BE
3465,Dürrenroth,Durrenroth,BE
3472,Wynigen,Wynigen,BE
3473,Alchenstorf,Alchenstorf,BE
3474,Rüedisbach,Ruedisbach,BE
3475,Riedtwil,Riedtwil,BE
3476,Oschwand,Oschwand,BE
3111,Tägertschi,Tagertschi,BE
3503,Gysenstein,Gysenstein,BE
3504,Niederhünigen,Niederhunigen,BE
3506,Grosshöchstetten,Grosshochstetten,BE
3507,Biglen,Biglen,BE
3508,Arni BE,Arni BE,BE
3510,Konolfingen,Konolfingen,BE
3512,Walkringen,Walkringen,BE
3513,Bigenthal,Bigenthal,BE
3672,Oberdiessbach,Oberdiessbach,BE
3673,Linden,Linden,BE
3674,Bleiken,Bleiken,BE
3671,Brenzikofen,Brenzikofen,BE
3531,Oberthal,Oberthal,BE
3532,Zäziwil,Zaziwil,BE
3533,Bowil,Bowil,BE
3534,Signau,Signau,BE
3535,Schüpbach,Schupbach,BE
3536,Aeschau,Aeschau,BE
3537,Eggiwil,Eggiwil,BE
3538,Röthenbach i. E.,Rothenbach i. E.,BE
3543,Emmenmatt,Emmenmatt,BE
3550,Langnau i. E.,Langnau i. E.,BE
3551,Oberfrittenbach,Oberfrittenbach,BE
3552,Bärau,Barau,BE
3553,Gohl,Gohl,BE
3555,Trubschachen,Trubschachen,BE
3556,Trub,Trub,BE
3557,Fankhaus (Trub),Fankhaus (Trub),BE
3600,Thun,Thun,BE
3601,Thun,Thun,BE
3602,Thun,Thun,BE
3603,Thun,Thun,BE
3604,Thun,Thun,BE
3605,Thun,Thun,BE
3607,Thun,Thun,BE
3608,Thun,Thun,BE
3617,Fahrni b. Thun,Fahrni b. Thun,BE
3618,Süderen,Suderen,BE
3619,Eriz,Eriz,BE
3622,Homberg b. Thun,Homberg b. Thun,BE
3635,Uebeschi,Uebeschi,BE
3631,Höfen b. Thun,Hofen b. Thun,BE
3636,Längenbühl,Langenbuhl,BE
3612,Steffisburg,Steffisburg,BE
3613,Steffisburg,Steffisburg,BE
3614,Unterlangenegg,Unterlangenegg,BE
3615,Heimenschwand,Heimenschwand,BE
3616,Schwarzenegg,Schwarzenegg,BE
3623,Teuffenthal BE,Teuffenthal BE,BE
3624,Goldiwil (Thun),Goldiwil (Thun),BE
3625,Heiligenschwendi,Heiligenschwendi,BE
3626,Hünibach,Hunibach,BE
3627,Heimberg,Heimberg,BE
3633,Amsoldingen,Amsoldingen,BE
3634,Thierachern,Thierachern,BE
3638,Blumenstein,Blumenstein,BE
3645,Gwatt (Thun),Gwatt (Thun),BE
3646,Einigen,Einigen,BE
3647,Reutigen,Reutigen,BE
3652,Hilterfingen,Hilterfingen,BE
3653,Oberhofen Thun'see,Oberhofen Thun'see,BE
3654,Gunten,Gunten,BE
3655,Sigriswil,Sigriswil,BE
3656,Tschingel,Tschingel,BE
3657,Schwanden Sigrisw,Schwanden Sigrisw,BE
3658,Merligen,Merligen,BE
3700,Spiez,Spiez,BE
3702,Hondrich,Hondrich,BE
3703,Aeschi b. Spiez,Aeschi b. Spiez,BE
3704,Krattigen,Krattigen,BE
3705,Faulensee,Faulensee,BE
3706,Leissigen,Leissigen,BE
3707,Därligen,Darligen,BE
3711,Emdthal,Emdthal,BE
3713,Reichenbach i. K.,Reichenbach i. K.,BE
3714,Frutigen,Frutigen,BE
3715,Adelboden,Adelboden,BE
3716,Kandergrund,Kandergrund,BE
3717,Blausee-Mitholz,Blausee-Mitholz,BE
3718,Kandersteg,Kandersteg,BE
3722,Scharnachtal,Scharnachtal,BE
3723,Kiental,Kiental,BE
3724,Ried (Frutigen),Ried (Frutigen),BE
3725,Achseten,Achseten,BE
3752,Wimmis,Wimmis,BE
3753,Oey,Oey,BE
3754,Diemtigen,Diemtigen,BE
3755,Horboden,Horboden,BE
3756,Zwischenflüh,Zwischenfluh,BE
3757,Schwenden,Schwenden,BE
3758,Latterbach,Latterbach,BE
3762,Erlenbach i. S.,Erlenbach i. S.,BE
3763,Därstetten,Darstetten,BE
3764,Weissenburg,Weissenburg,BE
3765,Oberwil i. S.,Oberwil i. S.,BE
3766,Boltigen,Boltigen,BE
3770,Zweisimmen,Zweisimmen,BE
3771,Blankenburg,Blankenburg,BE
3772,St. Stephan,St. Stephan,BE
3773,Matten(St.Stephan),Matten(St.Stephan),BE
3775,Lenk im Simmental,Lenk im Simmental,BE
3776,Oeschseite,Oeschseite,BE
3777,Saanenmöser,Saanenmoser,BE
3778,Schönried,Schonried,BE
3780,Gstaad,Gstaad,BE
3781,Turbach,Turbach,BE
3782,Lauenen b. Gstaad,Lauenen b. Gstaad,BE
3783,Grund b. Gstaad,Grund b. Gstaad,BE
3784,Feutersoey,Feutersoey,BE
3785,Gsteig b. Gstaad,Gsteig b. Gstaad,BE
3792,Saanen,Saanen,BE
3800,Interlaken,Interlaken,BE
3801,Jungfraujoch,Jungfraujoch,VS
3803,Beatenberg,Beatenberg,BE
3804,Habkern,Habkern,BE
3805,Goldswil,Goldswil,BE
3806,Bönigen,Bonigen,BE
3807,Iseltwald,Iseltwald,BE
3812,Wilderswil,Wilderswil,BE
3813,Saxeten,Saxeten,BE
3814,Gsteigwiler,Gsteigwiler,BE
3815,Zweilütschinen,Zweilutschinen,BE
3816,Lütschental,Lutschental,BE
3818,Grindelwald,Grindelwald,BE
3822,Lauterbrunnen,Lauterbrunnen,BE
3823,Wengen,Wengen,BE
3824,Stechelberg,Stechelberg,BE
3825,Mürren,Murren,BE
3826,Gimmelwald,Gimmelwald,BE
3852,Ringgenberg BE,Ringgenberg BE,BE
3853,Niederried Interl,Niederried Interl,BE
3854,Oberried Brienz,Oberried Brienz,BE
3855,Brienz BE,Brienz BE,BE
3856,Brienzwiler,Brienzwiler,BE
3857,Unterbach BE,Unterbach BE,BE
3858,Hofstetten BE,Hofstetten BE,BE
3860,Meiringen,Meiringen,BE
3862,Innertkirchen,Innertkirchen,BE
3863,Gadmen,Gadmen,BE
3864,Guttannen,Guttannen,BE
3900,Brig,Brig,VS
3949,Hohtenn,Hohtenn,VS
3903,Birgisch,Birgisch,VS
3914,Blatten b. Naters,Blatten b. Naters,VS
3913,Rosswald,Rosswald,VS
3911,Ried-Brig,Ried-Brig,VS
3912,Termen,Termen,VS
3901,Rothwald,Rothwald,VS
3907,Simplon Hospiz,Simplon Hospiz,VS
3922,Eisten,Eisten,VS
3908,Saas-Balen,Saas-Balen,VS
3910,Saas-Grund,Saas-Grund,VS
3902,Glis,Glis,VS
3917,Goppenstein,Goppenstein,VS
3916,Ferden,Ferden,VS
3918,Wiler (Lötschen),Wiler (Lotschen),VS
3919,Blatten(Lötschen),Blatten(Lotschen),VS
3904,Naters,Naters,VS
3905,Saas-Almagell,Saas-Almagell,VS
3906,Saas-Fee,Saas-Fee,VS
3920,Zermatt,Zermatt,VS
3923,Törbel,Torbel,VS
3926,Embd,Embd,VS
3927,Herbriggen,Herbriggen,VS
3928,Randa,Randa,VS
3929,Täsch,Tasch,VS
3924,St. Niklaus VS,St. Niklaus VS,VS
3925,Grächen,Grachen,VS
3930,Visp,Visp,VS
3942,St. German,St. German,VS
3933,Staldenried,Staldenried,VS
3937,Baltschieder,Baltschieder,VS
3938,Ausserberg,Ausserberg,VS
3939,Eggerberg,Eggerberg,VS
3931,Lalden,Lalden,VS
3932,Visperterminen,Visperterminen,VS
3934,Zeneggen,Zeneggen,VS
3935,Bürchen,Burchen,VS
3943,Eischoll,Eischoll,VS
3944,Unterbäch VS,Unterbach VS,VS
3947,Ergisch,Ergisch,VS
3948,Unterems,Unterems,VS
3946,Gruben,Gruben,VS
3951,Agarn,Agarn,VS
3955,Albinen,Albinen,VS
3956,Guttet-Feschel,Guttet-Feschel,VS
3957,Erschmatt,Erschmatt,VS
3953,Varen,Varen,VS
3976,Noës,Noes,VS
3978,Flanthey,Flanthey,VS
1978,Lens,Lens,VS
1977,Icogne,Icogne,VS
3979,Grône,Grone,VS
3945,Gampel,Gampel,VS
3952,Susten,Susten,VS
3954,Leukerbad,Leukerbad,VS
3970,Salgesch,Salgesch,VS
3977,Granges VS,Granges VS,VS
1958,St-Léonard,St-Leonard,VS
3960,Sierre,Sierre,VS
3971,Chermignon,Chermignon,VS
3972,Miège,Miege,VS
3973,Venthône,Venthone,VS
3974,Mollens VS,Mollens VS,VS
3975,Randogne,Randogne,VS
3961,Vissoie,Vissoie,VS
3967,Vercorin,Vercorin,VS
3963,Montana,Montana,VS
3965,Chippis,Chippis,VS
3966,Chalais,Chalais,VS
3968,Veyras,Veyras,VS
3982,Bitsch,Bitsch,VS
3993,Grengiols,Grengiols,VS
3994,Lax,Lax,VS
3997,Bellwald,Bellwald,VS
3989,Niederwald,Niederwald,VS
3998,Gluringen,Gluringen,VS
3985,Geschinen,Geschinen,VS
3988,Obergesteln,Obergesteln,VS
3999,Oberwald,Oberwald,VS
3986,Ried-Mörel,Ried-Morel,VS
3987,Riederalp,Riederalp,VS
3991,Betten,Betten,VS
3992,Bettmeralp,Bettmeralp,VS
3995,Ernen,Ernen,VS
3996,Binn,Binn,VS
3983,Mörel,Morel,VS
3984,Fiesch,Fiesch,VS
4000,Basel,Basel,BS
4002,Basel 2 Annahme,Basel 2 Annahme,BS
4003,Basel,Basel,BS
4004,Basel,Basel,BS
4005,Basel,Basel,BS
4007,Basel,Basel,BS
4008,Basel,Basel,BS
4009,Basel,Basel,BS
4010,Basel,Basel,BS
4011,Basel,Basel,BS
4012,Basel,Basel,BS
4013,Basel,Basel,BS
4015,Basel,Basel,BS
4016,Basel,Basel,BS
4017,Basel,Basel,BS
4018,Basel,Basel,BS
4019,Basel,Basel,BS
4020,Basel,Basel,BS
4023,Basel,Basel,BL
4024,Basel,Basel,BS
4025,Basel,Basel,BS
4030,Basel,Basel,BS
4031,Basel UniSpital,Basel UniSpital,BS
4032,Basel,Basel,BS
4051,Basel,Basel,BS
4052,Basel,Basel,BS
4053,Basel,Basel,BS
4054,Basel,Basel,BS
4055,Basel,Basel,BS
4056,Basel,Basel,BS
4057,Basel,Basel,BS
4058,Basel,Basel,BS
4059,Basel,Basel,BS
4091,Basel,Basel,BS
4101,Bruderholz,Bruderholz,BL
4102,Binningen,Binningen,BL
4103,Bottmingen,Bottmingen,BL
4104,Oberwil BL,Oberwil BL,BL
4105,Biel-Benken BL,Biel-Benken BL,BL
4106,Therwil,Therwil,BL
4107,Ettingen,Ettingen,BL
4108,Witterswil,Witterswil,SO
4112,Bättwil-Flüh,Battwil-Fluh,SO
4114,Hofstetten SO,Hofstetten SO,SO
4115,Mariastein,Mariastein,SO
4116,Metzerlen,Metzerlen,SO
4117,Burg im Leimental,Burg im Leimental,BL
4118,Rodersdorf,Rodersdorf,SO
4123,Allschwil,Allschwil,BL
4124,Schönenbuch,Schonenbuch,BL
4125,Riehen,Riehen,BS
4126,Bettingen,Bettingen,BS
4127,Birsfelden,Birsfelden,BL
4132,Muttenz,Muttenz,BL
4133,Pratteln,Pratteln,BL
4142,Münchenstein,Munchenstein,BL
4143,Dornach,Dornach,SO
4144,Arlesheim,Arlesheim,BL
4145,Gempen,Gempen,SO
4146,Hochwald,Hochwald,SO
4147,Aesch BL,Aesch BL,BL
4148,Pfeffingen,Pfeffingen,BL
4153,Reinach BL,Reinach BL,BL
4202,Duggingen,Duggingen,BL
4203,Grellingen,Grellingen,BL
4206,Seewen SO,Seewen SO,SO
4207,Bretzwil,Bretzwil,BL
4208,Nunningen,Nunningen,SO
4222,Zwingen,Zwingen,BL
4225,Brislach,Brislach,BL
4226,Breitenbach,Breitenbach,SO
4227,Büsserach,Busserach,SO
4228,Erschwil,Erschwil,SO
4242,Laufen,Laufen,BL
4243,Dittingen,Dittingen,BL
4244,Röschenz,Roschenz,BL
4245,Kleinlützel,Kleinlutzel,SO
4204,Himmelried,Himmelried,SO
4223,Blauen,Blauen,BL
4224,Nenzlingen,Nenzlingen,BL
4229,Beinwil SO,Beinwil SO,SO
4232,Fehren,Fehren,SO
4233,Meltingen,Meltingen,SO
4234,Zullwil,Zullwil,SO
4246,Wahlen b. Laufen,Wahlen b. Laufen,BL
4247,Grindel,Grindel,SO
4252,Bärschwil,Barschwil,SO
4253,Liesberg,Liesberg,BL
4254,Liesberg Dorf,Liesberg Dorf,BL
4302,Augst BL,Augst BL,BL
4303,Kaiseraugst,Kaiseraugst,AG
4304,Giebenach,Giebenach,BL
4305,Olsberg,Olsberg,AG
4310,Rheinfelden,Rheinfelden,AG
4312,Magden,Magden,AG
4313,Möhlin,Mohlin,AG
4314,Zeiningen,Zeiningen,AG
4315,Zuzgen,Zuzgen,AG
4316,Hellikon,Hellikon,AG
4317,Wegenstetten,Wegenstetten,AG
4322,Mumpf,Mumpf,AG
4323,Wallbach,Wallbach,AG
4324,Obermumpf,Obermumpf,AG
4325,Schupfart,Schupfart,AG
4332,Stein AG,Stein AG,AG
4333,Münchwilen AG,Munchwilen AG,AG
4334,Sisseln AG,Sisseln AG,AG
5080,Laufenburg,Laufenburg,AG
5082,Kaisten,Kaisten,AG
5083,Ittenthal,Ittenthal,AG
5084,Rheinsulz,Rheinsulz,AG
5085,Sulz AG,Sulz AG,AG
5275,Etzgen,Etzgen,AG
5274,Mettau,Mettau,AG
5273,Oberhofen AG,Oberhofen AG,AG
5272,Gansingen,Gansingen,AG
5276,Wil AG,Wil AG,AG
5277,Hottwil,Hottwil,AG
5326,Schwaderloch,Schwaderloch,AG
5325,Leibstadt,Leibstadt,AG
5324,Full-Reuenthal,Full-Reuenthal,AG
4402,Frenkendorf,Frenkendorf,BL
4410,Liestal,Liestal,BL
4411,Seltisberg,Seltisberg,BL
4412,Nuglar,Nuglar,SO
4413,Büren SO,Buren SO,SO
4414,Füllinsdorf,Fullinsdorf,BL
4415,Lausen,Lausen,BL
4416,Bubendorf,Bubendorf,BL
4417,Ziefen,Ziefen,BL
4418,Reigoldswil,Reigoldswil,BL
4419,Lupsingen,Lupsingen,BL
4421,St. Pantaleon,St. Pantaleon,SO
4422,Arisdorf,Arisdorf,BL
4423,Hersberg,Hersberg,BL
4424,Arboldswil,Arboldswil,BL
4425,Titterten,Titterten,BL
4426,Lauwil,Lauwil,BL
4431,Bennwil,Bennwil,BL
4432,Lampenberg,Lampenberg,BL
4433,Ramlinsburg,Ramlinsburg,BL
4434,Hölstein,Holstein,BL
4435,Niederdorf,Niederdorf,BL
4436,Oberdorf BL,Oberdorf BL,BL
4437,Waldenburg,Waldenburg,BL
4438,Langenbruck,Langenbruck,BL
4441,Thürnen,Thurnen,BL
4442,Diepflingen,Diepflingen,BL
4443,Wittinsburg,Wittinsburg,BL
4444,Rümlingen,Rumlingen,BL
4445,Häfelfingen,Hafelfingen,BL
4446,Buckten,Buckten,BL
4447,Känerkinden,Kanerkinden,BL
4448,Läufelfingen,Laufelfingen,BL
4450,Sissach,Sissach,BL
4451,Wintersingen,Wintersingen,BL
4452,Itingen,Itingen,BL
4453,Nusshof,Nusshof,BL
4455,Zunzgen,Zunzgen,BL
4456,Tenniken,Tenniken,BL
4457,Diegten,Diegten,BL
4458,Eptingen,Eptingen,BL
4460,Gelterkinden,Gelterkinden,BL
4461,Böckten,Bockten,BL
4465,Hemmiken,Hemmiken,BL
4469,Anwil,Anwil,BL
4462,Rickenbach BL,Rickenbach BL,BL
4463,Buus,Buus,BL
4464,Maisprach,Maisprach,BL
4466,Ormalingen,Ormalingen,BL
4467,Rothenfluh,Rothenfluh,BL
4468,Kienberg,Kienberg,SO
4492,Tecknau,Tecknau,BL
4493,Wenslingen,Wenslingen,BL
4494,Oltingen,Oltingen,BL
4495,Zeglingen,Zeglingen,BL
4496,Kilchberg BL,Kilchberg BL,BL
4497,Rünenberg,Runenberg,BL
4500,Solothurn,Solothurn,SO
4501,Solothurn,Solothurn,SO
4502,Solothurn,Solothurn,SO
4503,Solothurn,Solothurn,SO
4515,Weissenstein,Weissenstein,SO
4525,Balm b. Günsberg,Balm b. Gunsberg,SO
4523,Niederwil SO,Niederwil SO,SO
4535,Hubersdorf,Hubersdorf,SO
4539,Rumisberg,Rumisberg,BE
4557,Horriwil,Horriwil,SO
4558,Hersiwil,Hersiwil,SO
4512,Bellach,Bellach,SO
4513,Langendorf,Langendorf,SO
4514,Lommiswil,Lommiswil,SO
4522,Rüttenen,Ruttenen,SO
4524,Günsberg,Gunsberg,SO
4528,Zuchwil,Zuchwil,SO
4532,Feldbrunnen,Feldbrunnen,SO
4533,Riedholz,Riedholz,SO
4534,Flumenthal,Flumenthal,SO
4536,Attiswil,Attiswil,BE
4537,Wiedlisbach,Wiedlisbach,BE
4538,Oberbipp,Oberbipp,BE
4552,Derendingen,Derendingen,SO
4553,Subingen,Subingen,SO
4554,Etziken,Etziken,SO
3375,Inkwil,Inkwil,BE
4562,Biberist,Biberist,SO
4563,Gerlafingen,Gerlafingen,SO
4564,Obergerlafingen,Obergerlafingen,SO
4565,Recherswil,Recherswil,SO
4566,Kriegstetten,Kriegstetten,SO
4581,Küttigkofen,Kuttigkofen,SO
4586,Kyburg-Buchegg,Kyburg-Buchegg,SO
4582,Brügglen,Brugglen,SO
4583,Mühledorf SO,Muhledorf SO,SO
4579,Gossliwil,Gossliwil,SO
4578,Bibern SO,Bibern SO,SO
4571,Lüterkofen-Ichert,Luterkofen-Ichert,SO
4576,Tscheppach,Tscheppach,SO
4577,Hessigkofen,Hessigkofen,SO
4585,Biezwil,Biezwil,SO
4587,Aetingen,Aetingen,SO
4588,Unterramsern,Unterramsern,SO
4574,Nennigkofen,Nennigkofen,SO
4600,Olten,Olten,SO
4601,Olten 1 Fächer,Olten 1 Facher,SO
4603,Olten,Olten,SO
4612,Wangen b. Olten,Wangen b. Olten,SO
4613,Rickenbach SO,Rickenbach SO,SO
4614,Hägendorf,Hagendorf,SO
4616,Kappel SO,Kappel SO,SO
4617,Gunzgen,Gunzgen,SO
4618,Boningen,Boningen,SO
4622,Egerkingen,Egerkingen,SO
4623,Neuendorf,Neuendorf,SO
4624,Härkingen,Harkingen,SO
4625,Oberbuchsiten,Oberbuchsiten,SO
4626,Niederbuchsiten,Niederbuchsiten,SO
4632,Trimbach,Trimbach,SO
4652,Winznau,Winznau,SO
4653,Obergösgen,Obergosgen,SO
4654,Lostorf,Lostorf,SO
4655,Stüsslingen,Stusslingen,SO
4656,Starrkirch-Wil,Starrkirch-Wil,SO
4657,Dulliken,Dulliken,SO
4658,Däniken SO,Daniken SO,SO
5010,Däniken PZ,Daniken PZ,SO
4663,Aarburg,Aarburg,AG
4665,Oftringen,Oftringen,AG
4615,Allerheiligenberg,Allerheiligenberg,SO
4633,Hauenstein,Hauenstein,SO
4634,Wisen SO,Wisen SO,SO
4702,Oensingen,Oensingen,SO
4703,Kestenholz,Kestenholz,SO
4704,Niederbipp,Niederbipp,BE
3380,Wangen an der Aare,Wangen an der Aare,BE
3377,Walliswil b.Wangen,Walliswil b.Wangen,BE
4543,Deitingen,Deitingen,SO
4542,Luterbach,Luterbach,SO
4710,Balsthal,Balsthal,SO
4714,Aedermannsdorf,Aedermannsdorf,SO
4715,Herbetswil,Herbetswil,SO
4719,Ramiswil,Ramiswil,SO
4712,Laupersdorf,Laupersdorf,SO
4713,Matzendorf,Matzendorf,SO
4716,Welschenrohr,Welschenrohr,SO
4717,Mümliswil,Mumliswil,SO
4718,Holderbank SO,Holderbank SO,SO
4800,Zofingen,Zofingen,AG
4801,Zofingen,Zofingen,AG
4802,Strengelbach,Strengelbach,AG
4803,Vordemwald,Vordemwald,AG
4805,Brittnau,Brittnau,AG
4806,Wikon,Wikon,LU
4812,Mühlethal,Muhlethal,AG
4813,Uerkheim,Uerkheim,AG
4814,Bottenwil,Bottenwil,AG
4852,Rothrist,Rothrist,AG
4853,Murgenthal,Murgenthal,AG
4629,Fulenbach,Fulenbach,SO
4628,Wolfwil,Wolfwil,SO
4856,Glashütten,Glashutten,AG
4900,Langenthal,Langenthal,BE
4901,Langenthal,Langenthal,BE
4902,Langenthal,Langenthal,BE
4911,Schwarzhäusern,Schwarzhausern,BE
4912,Aarwangen,Aarwangen,BE
4913,Bannwil,Bannwil,BE
4914,Roggwil BE,Roggwil BE,BE
4915,St. Urban,St. Urban,LU
4916,Untersteckholz,Untersteckholz,BE
4917,Melchnau,Melchnau,BE
4955,Gondiswil,Gondiswil,BE
4919,Reisiswil,Reisiswil,BE
4922,Bützberg,Butzberg,BE
4923,Wynau,Wynau,BE
6005,Luzern,Luzern,LU
4924,Obersteckholz,Obersteckholz,BE
4932,Lotzwil,Lotzwil,BE
4933,Rütschelen,Rutschelen,BE
4934,Madiswil,Madiswil,BE
4935,Leimiswil,Leimiswil,BE
4936,Kleindietwil,Kleindietwil,BE
4937,Ursenbach,Ursenbach,BE
4938,Rohrbach,Rohrbach,BE
4942,Walterswil BE,Walterswil BE,BE
4943,Oeschenbach,Oeschenbach,BE
4944,Auswil,Auswil,BE
4950,Huttwil,Huttwil,BE
4952,Eriswil,Eriswil,BE
4953,Schwarzenbach BE,Schwarzenbach BE,BE
4954,Wyssachen,Wyssachen,BE
5000,Aarau,Aarau,AG
5001,Aarau 1 Fächer,Aarau 1 Facher,AG
5004,Aarau,Aarau,AG
5012,Schönenwerd,Schonenwerd,SO
5013,Niedergösgen,Niedergosgen,SO
5014,Gretzenbach,Gretzenbach,SO
5015,Erlinsbach SO,Erlinsbach SO,SO
5017,Barmelweid,Barmelweid,AG
5022,Rombach,Rombach,AG
5023,Biberstein,Biberstein,AG
5024,Küttigen,Kuttigen,AG
5025,Asp,Asp,AG
5026,Densbüren,Densburen,AG
5027,Herznach,Herznach,AG
5028,Ueken,Ueken,AG
5032,Aarau Rohr,Aarau Rohr,AG
5033,Buchs AG,Buchs AG,AG
5034,Suhr,Suhr,AG
5035,Unterentfelden,Unterentfelden,AG
5036,Oberentfelden,Oberentfelden,AG
5037,Muhen,Muhen,AG
5040,Schöftland,Schoftland,AG
5042,Hirschthal,Hirschthal,AG
5043,Holziken,Holziken,AG
5044,Schlossrued,Schlossrued,AG
5046,Schmiedrued,Schmiedrued,AG
5053,Staffelbach,Staffelbach,AG
5054,Kirchleerau-Moosle,Kirchleerau-Moosle,AG
5056,Attelwil,Attelwil,AG
5057,Reitnau,Reitnau,AG
5102,Rupperswil,Rupperswil,AG
5103,Wildegg,Wildegg,AG
5105,Auenstein,Auenstein,AG
5106,Veltheim AG,Veltheim AG,AG
5107,Schinznach Dorf,Schinznach Dorf,AG
5108,Oberflachs,Oberflachs,AG
5112,Thalheim AG,Thalheim AG,AG
5113,Holderbank AG,Holderbank AG,AG
5116,Schinznach Bad,Schinznach Bad,AG
5245,Habsburg,Habsburg,AG
5246,Scherz,Scherz,AG
5200,Brugg AG,Brugg AG,AG
5210,Windisch,Windisch,AG
5201,Brugg AG,Brugg AG,AG
5212,Hausen AG,Hausen AG,AG
5213,Villnachern,Villnachern,AG
5222,Umiken,Umiken,AG
5223,Riniken,Riniken,AG
5224,Unterbözberg,Unterbozberg,AG
5225,Oberbözberg,Oberbozberg,AG
5233,Stilli,Stilli,AG
5234,Villigen,Villigen,AG
5235,Rüfenach AG,Rufenach AG,AG
5236,Remigen,Remigen,AG
5237,Mönthal,Monthal,AG
5242,Birr-Lupfig,Birr-Lupfig,AG
5243,Mülligen,Mulligen,AG
5244,Birrhard,Birrhard,AG
5078,Effingen,Effingen,AG
5076,Bözen,Bozen,AG
5077,Elfingen,Elfingen,AG
5079,Zeihen,Zeihen,AG
5075,Hornussen,Hornussen,AG
5070,Frick,Frick,AG
5072,Oeschgen,Oeschgen,AG
5073,Gipf-Oberfrick,Gipf-Oberfrick,AG
5064,Wittnau,Wittnau,AG
5063,Wölflinswil,Wolflinswil,AG
5062,Oberhof,Oberhof,AG
5074,Eiken,Eiken,AG
5300,Turgi,Turgi,AG
5301,Siggenthal Station,Siggenthal Station,AG
5303,Würenlingen,Wurenlingen,AG
5304,Endingen,Endingen,AG
5305,Unterendingen,Unterendingen,AG
5306,Tegerfelden,Tegerfelden,AG
5312,Döttingen,Dottingen,AG
5313,Klingnau,Klingnau,AG
5314,Kleindöttingen,Kleindottingen,AG
5315,Böttstein,Bottstein,AG
5316,Leuggern,Leuggern,AG
5317,Hettenschwil,Hettenschwil,AG
5318,Mandach,Mandach,AG
5322,Koblenz,Koblenz,AG
5400,Baden,Baden,AG
5408,Ennetbaden,Ennetbaden,AG
5401,Baden,Baden,AG
5402,Baden,Baden,AG
5404,Baden,Baden,AG
5405,Baden,Baden,AG
5406,Baden,Baden,AG
5412,Gebenstorf,Gebenstorf,AG
5413,Birmenstorf AG,Birmenstorf AG,AG
5415,Nussbaumen AG,Nussbaumen AG,AG
5416,Kirchdorf AG,Kirchdorf AG,AG
5417,Untersiggenthal,Untersiggenthal,AG
5420,Ehrendingen,Ehrendingen,AG
5423,Freienwil,Freienwil,AG
5425,Schneisingen,Schneisingen,AG
5426,Lengnau AG,Lengnau AG,AG
5430,Wettingen,Wettingen,AG
5431,Wettingen Sonderd,Wettingen Sonderd,AG
5432,Neuenhof,Neuenhof,AG
5442,Fislisbach,Fislisbach,AG
5443,Niederrohrdorf,Niederrohrdorf,AG
5444,Künten,Kunten,AG
5445,Eggenwil,Eggenwil,AG
5452,Oberrohrdorf,Oberrohrdorf,AG
5453,Remetschwil,Remetschwil,AG
5454,Bellikon,Bellikon,AG
5502,Hunzenschwil,Hunzenschwil,AG
5503,Schafisheim,Schafisheim,AG
5504,Othmarsingen,Othmarsingen,AG
5505,Brunegg,Brunegg,AG
5506,Mägenwil,Magenwil,AG
5507,Mellingen,Mellingen,AG
5512,Wohlenschwil,Wohlenschwil,AG
5522,Tägerig,Tagerig,AG
5524,Nesselnbach,Nesselnbach,AG
5525,Fischbach-Göslikon,Fischbach-Goslikon,AG
5600,Lenzburg,Lenzburg,AG
5603,Staufen,Staufen,AG
5604,Hendschiken,Hendschiken,AG
5605,Dottikon,Dottikon,AG
5606,Dintikon,Dintikon,AG
5607,Hägglingen,Hagglingen,AG
5608,Stetten AG,Stetten AG,AG
5610,Wohlen AG,Wohlen AG,AG
5611,Anglikon,Anglikon,AG
5619,Büttikon AG,Buttikon AG,AG
5612,Villmergen,Villmergen,AG
5613,Hilfikon,Hilfikon,AG
5614,Sarmenstorf,Sarmenstorf,AG
5615,Fahrwangen,Fahrwangen,AG
5616,Meisterschwanden,Meisterschwanden,AG
5617,Tennwil,Tennwil,AG
5618,Bettwil,Bettwil,AG
5620,Bremgarten AG,Bremgarten AG,AG
5621,Zufikon,Zufikon,AG
5622,Waltenschwil,Waltenschwil,AG
5623,Boswil,Boswil,AG
5624,Bünzen,Bunzen,AG
5625,Kallern,Kallern,AG
5626,Hermetschwil-Staff,Hermetschwil-Staff,AG
5627,Besenbüren,Besenburen,AG
5628,Aristau,Aristau,AG
5630,Muri AG,Muri AG,AG
5632,Buttwil,Buttwil,AG
5634,Merenschwand,Merenschwand,AG
5636,Benzenschwil,Benzenschwil,AG
5637,Beinwil (Freiamt),Beinwil (Freiamt),AG
5642,Mühlau,Muhlau,AG
5643,Sins,Sins,AG
5644,Auw,Auw,AG
5645,Aettenschwil,Aettenschwil,AG
5646,Abtwil AG,Abtwil AG,AG
5647,Oberrüti,Oberruti,AG
5702,Niederlenz,Niederlenz,AG
5703,Seon,Seon,AG
5704,Egliswil,Egliswil,AG
5705,Hallwil,Hallwil,AG
5706,Boniswil,Boniswil,AG
5707,Seengen,Seengen,AG
5708,Birrwil,Birrwil,AG
5712,Beinwil am See,Beinwil am See,AG
5722,Gränichen,Granichen,AG
5723,Teufenthal AG,Teufenthal AG,AG
5724,Dürrenäsch,Durrenasch,AG
5725,Leutwil,Leutwil,AG
5726,Unterkulm,Unterkulm,AG
5727,Oberkulm,Oberkulm,AG
5728,Gontenschwil,Gontenschwil,AG
5732,Zetzwil,Zetzwil,AG
5733,Leimbach AG,Leimbach AG,AG
5734,Reinach AG,Reinach AG,AG
5735,Pfeffikon LU,Pfeffikon LU,LU
5736,Burg AG,Burg AG,AG
5737,Menziken,Menziken,AG
5742,Kölliken,Kolliken,AG
5745,Safenwil,Safenwil,AG
5746,Walterswil SO,Walterswil SO,SO
6000,Luzern,Luzern,LU
6002,Luzern,Luzern,LU
6003,Luzern,Luzern,LU
6004,Luzern,Luzern,LU
6006,Luzern,Luzern,LU
6010,Kriens,Kriens,LU
6012,Obernau,Obernau,LU
6013,Eigenthal,Eigenthal,LU
6014,Luzern,Luzern,LU
6015,Luzern,Luzern,LU
6016,Hellbühl,Hellbuhl,LU
6017,Ruswil,Ruswil,LU
6019,Sigigen,Sigigen,LU
6018,Buttisholz,Buttisholz,LU
6020,Emmenbrücke,Emmenbrucke,LU
6022,Grosswangen,Grosswangen,LU
6023,Rothenburg,Rothenburg,LU
6024,Hildisrieden,Hildisrieden,LU
6025,Neudorf,Neudorf,LU
6026,Rain,Rain,LU
6027,Römerswil LU,Romerswil LU,LU
6028,Herlisberg,Herlisberg,LU
6030,Ebikon,Ebikon,LU
6032,Emmen,Emmen,LU
6033,Buchrain,Buchrain,LU
6034,Inwil,Inwil,LU
6035,Perlen,Perlen,LU
6036,Dierikon,Dierikon,LU
6037,Root,Root,LU
6038,Gisikon,Gisikon,LU
6042,Dietwil,Dietwil,AG
6043,Adligenswil,Adligenswil,LU
6044,Udligenswil,Udligenswil,LU
6045,Meggen,Meggen,LU
6047,Kastanienbaum,Kastanienbaum,LU
6048,Horw,Horw,LU
6052,Hergiswil NW,Hergiswil NW,NW
6053,Alpnachstad,Alpnachstad,OW
6055,Alpnach Dorf,Alpnach Dorf,OW
6056,Kägiswil,Kagiswil,OW
6060,Sarnen,Sarnen,OW
6068,Melchsee-Frutt,Melchsee-Frutt,OW
6062,Wilen (Sarnen),Wilen (Sarnen),OW
6063,Stalden (Sarnen),Stalden (Sarnen),OW
6064,Kerns,Kerns,OW
6066,St. Niklausen OW,St. Niklausen OW,OW
6067,Melchtal,Melchtal,OW
6072,Sachseln,Sachseln,OW
6073,Flüeli-Ranft,Flueli-Ranft,OW
6074,Giswil,Giswil,OW
6078,Bürglen OW,Burglen OW,OW
6083,Hasliberg Hohfluh,Hasliberg Hohfluh,BE
6084,Hasliberg Wasserw,Hasliberg Wasserw,BE
6085,Hasliberg Goldern,Hasliberg Goldern,BE
6086,Hasliberg Reuti,Hasliberg Reuti,BE
6102,Malters,Malters,LU
6103,Schwarzenberg LU,Schwarzenberg LU,LU
6105,Schachen LU,Schachen LU,LU
6106,Werthenstein,Werthenstein,LU
6110,Wolhusen,Wolhusen,LU
6114,Steinhuserberg,Steinhuserberg,LU
6112,Doppleschwand,Doppleschwand,LU
6113,Romoos,Romoos,LU
6122,Menznau,Menznau,LU
6123,Geiss,Geiss,LU
6125,Menzberg,Menzberg,LU
6126,Daiwil,Daiwil,LU
6130,Willisau,Willisau,LU
6132,Rohrmatt,Rohrmatt,LU
6133,Hergiswil LU,Hergiswil LU,LU
6142,Gettnau,Gettnau,LU
6143,Ohmstal,Ohmstal,LU
6144,Zell LU,Zell LU,LU
6145,Fischbach LU,Fischbach LU,LU
6146,Grossdietwil,Grossdietwil,LU
6147,Altbüron,Altburon,LU
6152,Hüswil,Huswil,LU
6153,Ufhusen,Ufhusen,LU
6154,Hofstatt,Hofstatt,LU
6156,Luthern,Luthern,LU
6160,Entlebuch,Entlebuch,LU
6162,Entlebuch,Entlebuch,LU
6163,Ebnet,Ebnet,LU
6166,Hasle LU,Hasle LU,LU
6167,Bramboden,Bramboden,LU
6170,Schüpfheim,Schupfheim,LU
6173,Flühli LU,Fluhli LU,LU
6174,Sörenberg,Sorenberg,LU
6182,Escholzmatt,Escholzmatt,LU
6192,Wiggen,Wiggen,LU
6196,Marbach LU,Marbach LU,LU
6197,Schangnau,Schangnau,BE
6203,Sempach Station,Sempach Station,LU
6204,Sempach,Sempach,LU
6205,Eich,Eich,LU
6206,Neuenkirch,Neuenkirch,LU
6207,Nottwil,Nottwil,LU
6208,Oberkirch LU,Oberkirch LU,LU
6210,Sursee,Sursee,LU
6211,Buchs LU,Buchs LU,LU
6212,St. Erhard,St. Erhard,LU
6213,Knutwil,Knutwil,LU
6214,Schenkon,Schenkon,LU
6215,Beromünster,Beromunster,LU
6216,Mauensee,Mauensee,LU
6217,Kottwil,Kottwil,LU
6218,Ettiswil,Ettiswil,LU
6221,Rickenbach LU,Rickenbach LU,LU
6222,Gunzwil,Gunzwil,LU
6231,Schlierbach,Schlierbach,LU
6232,Geuensee,Geuensee,LU
6233,Büron,Buron,LU
6234,Triengen,Triengen,LU
6236,Wilihof,Wilihof,LU
6235,Winikon,Winikon,LU
6242,Wauwil,Wauwil,LU
6243,Egolzwil,Egolzwil,LU
6244,Nebikon,Nebikon,LU
6245,Ebersecken,Ebersecken,LU
6246,Altishofen,Altishofen,LU
6247,Schötz,Schotz,LU
6248,Alberswil,Alberswil,LU
6252,Dagmersellen,Dagmersellen,LU
6253,Uffikon,Uffikon,LU
6260,Reiden,Reiden,LU
6262,Langnau b. Reiden,Langnau b. Reiden,LU
7130,Ilanz,Ilanz,GR
6263,Richenthal,Richenthal,LU
6264,Pfaffnau,Pfaffnau,LU
6265,Roggliswil,Roggliswil,LU
6274,Eschenbach LU,Eschenbach LU,LU
6275,Ballwil,Ballwil,LU
6276,Hohenrain,Hohenrain,LU
6277,Kleinwangen,Kleinwangen,LU
6280,Hochdorf,Hochdorf,LU
6283,Baldegg,Baldegg,LU
6284,Gelfingen,Gelfingen,LU
6285,Hitzkirch,Hitzkirch,LU
6289,Müswangen,Muswangen,LU
6286,Altwis,Altwis,LU
6287,Aesch LU,Aesch LU,LU
6288,Schongau,Schongau,LU
6294,Ermensee,Ermensee,LU
6295,Mosen,Mosen,LU
6300,Zug,Zug,ZG
6330,Cham 2,Cham 2,ZG
6301,Zug,Zug,ZG
6310,Zug,Zug,ZG
6313,Edlibach,Edlibach,ZG
6319,Allenwinden,Allenwinden,ZG
6315,Morgarten,Morgarten,ZG
6312,Steinhausen,Steinhausen,ZG
6314,Unterägeri,Unterageri,ZG
6317,Oberwil b. Zug,Oberwil b. Zug,ZG
6318,Walchwil,Walchwil,ZG
6331,Hünenberg,Hunenberg,ZG
6332,Hagendorn,Hagendorn,ZG
6340,Baar,Baar,ZG
6343,Rotkreuz,Rotkreuz,ZG
6344,Meierskappel,Meierskappel,LU
6345,Neuheim,Neuheim,ZG
6353,Weggis,Weggis,LU
6354,Vitznau,Vitznau,LU
6356,Rigi Kaltbad,Rigi Kaltbad,LU
6362,Stansstad,Stansstad,NW
6363,Obbürgen,Obburgen,NW
6365,Kehrsiten,Kehrsiten,NW
6370,Stans,Stans,NW
6372,Ennetmoos,Ennetmoos,NW
6373,Ennetbürgen,Ennetburgen,NW
6374,Buochs,Buochs,NW
6375,Beckenried,Beckenried,NW
6376,Emmetten,Emmetten,NW
6377,Seelisberg,Seelisberg,UR
6382,Büren NW,Buren NW,NW
6383,Dallenwil,Dallenwil,NW
6386,Wolfenschiessen,Wolfenschiessen,NW
6387,Oberrickenbach,Oberrickenbach,NW
6388,Grafenort,Grafenort,OW
6390,Engelberg,Engelberg,OW
6402,Merlischachen,Merlischachen,SZ
6403,Küssnacht am Rigi,Kussnacht am Rigi,SZ
6404,Greppen,Greppen,LU
6405,Immensee,Immensee,SZ
6410,Goldau,Goldau,SZ
6414,Oberarth,Oberarth,SZ
6415,Arth,Arth,SZ
6416,Steinerberg,Steinerberg,SZ
6417,Sattel,Sattel,SZ
6418,Rothenthurm,Rothenthurm,SZ
6422,Steinen,Steinen,SZ
6423,Seewen SZ,Seewen SZ,SZ
6424,Lauerz,Lauerz,SZ
6430,Schwyz,Schwyz,SZ
6436,Ried (Muotathal),Ried (Muotathal),SZ
6432,Rickenbach SZ,Rickenbach SZ,SZ
6433,Stoos SZ,Stoos SZ,SZ
6434,Illgau,Illgau,SZ
6438,Ibach,Ibach,SZ
6440,Brunnen,Brunnen,SZ
6441,Rütli,Rutli,UR
6442,Gersau,Gersau,SZ
6443,Morschach,Morschach,SZ
6452,Sisikon,Sisikon,UR
6454,Flüelen,Fluelen,UR
6460,Altdorf UR,Altdorf UR,UR
6461,Isenthal,Isenthal,UR
6462,Seedorf UR,Seedorf UR,UR
6463,Bürglen UR,Burglen UR,UR
6464,Spiringen,Spiringen,UR
6465,Unterschächen,Unterschachen,UR
6466,Bauen,Bauen,UR
6467,Schattdorf,Schattdorf,UR
6469,Haldi b.Schattdorf,Haldi b.Schattdorf,UR
6468,Attinghausen,Attinghausen,UR
6472,Erstfeld,Erstfeld,UR
6473,Silenen,Silenen,UR
6474,Amsteg,Amsteg,UR
6475,Bristen,Bristen,UR
6476,Intschi,Intschi,UR
6482,Gurtnellen,Gurtnellen,UR
6484,Wassen UR,Wassen UR,UR
6485,Meien,Meien,UR
6487,Göschenen,Goschenen,UR
6490,Andermatt,Andermatt,UR
6491,Realp,Realp,UR
6493,Hospental,Hospental,UR
6500,Bellinzona,Bellinzona,TI
6501,Bellinzona,Bellinzona,TI
6503,Bellinzona,Bellinzona,TI
6506,Bellinzona 6 Autop,Bellinzona 6 Autop,TI
6512,Giubiasco,Giubiasco,TI
6513,Monte Carasso,Monte Carasso,TI
6514,Sementina,Sementina,TI
6515,Gudo,Gudo,TI
6516,Cugnasco,Cugnasco,TI
6517,Arbedo,Arbedo,TI
6518,Gorduno,Gorduno,TI
6525,Gnosca,Gnosca,TI
6526,Prosito,Prosito,TI
6527,Lodrino,Lodrino,TI
6528,Camorino,Camorino,TI
6532,Castione,Castione,TI
6533,Lumino,Lumino,TI
6534,S. Vittore,S. Vittore,GR
6535,Roveredo GR,Roveredo GR,GR
6537,Grono,Grono,GR
6523,Preonzo,Preonzo,TI
6524,Moleno,Moleno,TI
6582,Pianezzo,Pianezzo,TI
6583,S. Antonio,S. Antonio,TI
6584,Carena,Carena,TI
6549,Laura,Laura,GR
6540,Castaneda,Castaneda,GR
6541,Sta. Maria,Sta. Maria,GR
6538,Verdabbio,Verdabbio,GR
6542,Buseno,Buseno,GR
6543,Arvigo,Arvigo,GR
6544,Braggio,Braggio,GR
6545,Selma,Selma,GR
6546,Cauco,Cauco,GR
6547,Augio,Augio,GR
6548,Rossa,Rossa,GR
6556,Leggia,Leggia,GR
6565,S. Bernardino,S. Bernardino,GR
6557,Cama,Cama,GR
6558,Lostallo,Lostallo,GR
6562,Soazza,Soazza,GR
6563,Mesocco,Mesocco,GR
6572,Quartino,Quartino,TI
6573,Magadino,Magadino,TI
6574,Vira (Gambarogno),Vira (Gambarogno),TI
6575,S. Nazzaro,S. Nazzaro,TI
6576,Gerra (Gambarogno),Gerra (Gambarogno),TI
6577,Ranzo,Ranzo,TI
6578,Caviano,Caviano,TI
6579,Piazzogna,Piazzogna,TI
6571,Indemini,Indemini,TI
6592,S. Antonino,S. Antonino,TI
6593,Cadenazzo,Cadenazzo,TI
6594,Contone,Contone,TI
6595,Riazzino,Riazzino,TI
6596,Gordola,Gordola,TI
6597,Agarone,Agarone,TI
6598,Tenero,Tenero,TI
6599,Robasacco,Robasacco,TI
6600,Locarno,Locarno,TI
6601,Locarno,Locarno,TI
6604,Locarno,Locarno,TI
6605,Locarno,Locarno,TI
6656,Golino,Golino,TI
6618,Arcegno,Arcegno,TI
6646,Contra,Contra,TI
6647,Mergoscia,Mergoscia,TI
6661,Auressio,Auressio,TI
6611,Mosogno,Mosogno,TI
6662,Russo,Russo,TI
6664,Vergeletto,Vergeletto,TI
6663,Comologno,Comologno,TI
6632,Vogorno,Vogorno,TI
6631,Corippo,Corippo,TI
6633,Lavertezzo,Lavertezzo,TI
6634,Brione (Verzasca),Brione (Verzasca),TI
6635,Gerra (Verzasca),Gerra (Verzasca),TI
6636,Frasco,Frasco,TI
6637,Sonogno,Sonogno,TI
6612,Ascona,Ascona,TI
6613,Porto Ronco,Porto Ronco,TI
6614,Brissago,Brissago,TI
6616,Losone,Losone,TI
6622,Ronco sopra Ascona,Ronco sopra Ascona,TI
6644,Orselina,Orselina,TI
6645,Brione s. Minusio,Brione s. Minusio,TI
6648,Minusio,Minusio,TI
6655,Verdasio,Verdasio,TI
6657,Palagnedra,Palagnedra,TI
6658,Borgnone,Borgnone,TI
6659,Camedo,Camedo,TI
6652,Tegna,Tegna,TI
6653,Verscio,Verscio,TI
6654,Cavigliano,Cavigliano,TI
6670,Avegno,Avegno,TI
6677,Moghegno,Moghegno,TI
6678,Coglio,Coglio,TI
6674,Riveo,Riveo,TI
6682,Linescio,Linescio,TI
6683,Cerentino,Cerentino,TI
6685,Bosco/Gurin,Bosco/Gurin,TI
6684,Campo (VM),Campo (VM),TI
6690,Cavergno,Cavergno,TI
6692,Brontallo,Brontallo,TI
6693,Broglio,Broglio,TI
6694,Prato-Sornico,Prato-Sornico,TI
6695,Peccia,Peccia,TI
6696,Fusio,Fusio,TI
6672,Gordevio,Gordevio,TI
6673,Maggia,Maggia,TI
6675,Cevio,Cevio,TI
6676,Bignasco,Bignasco,TI
6702,Claro,Claro,TI
6703,Osogna,Osogna,TI
6705,Cresciano,Cresciano,TI
6707,Iragna,Iragna,TI
6710,Biasca,Biasca,TI
6721,Ludiano,Ludiano,TI
6722,Corzoneso,Corzoneso,TI
6716,Leontica,Leontica,TI
6723,Prugiasco,Prugiasco,TI
6724,Ponto Valentino,Ponto Valentino,TI
6719,Aquila,Aquila,TI
6720,Campo (Blenio),Campo (Blenio),TI
6713,Malvaglia,Malvaglia,TI
6714,Semione,Semione,TI
6715,Dongio,Dongio,TI
6717,Dangio-Torre,Dangio-Torre,TI
6718,Olivone,Olivone,TI
6742,Pollegio,Pollegio,TI
6743,Bodio TI,Bodio TI,TI
6745,Giornico,Giornico,TI
6746,Lavorgo,Lavorgo,TI
6747,Chironico,Chironico,TI
6760,Faido,Faido,TI
6772,Rodi-Fiesso,Rodi-Fiesso,TI
6775,Ambrì,Ambri,TI
6776,Piotta,Piotta,TI
6777,Quinto,Quinto,TI
6780,Airolo,Airolo,TI
6781,Villa Bedretto,Villa Bedretto,TI
6744,Personico,Personico,TI
6748,Anzonico,Anzonico,TI
6749,Sobrio,Sobrio,TI
6763,Mairengo,Mairengo,TI
6764,Chiggiogna,Chiggiogna,TI
6773,Prato (Leventina),Prato (Leventina),TI
6774,Dalpe,Dalpe,TI
6802,Rivera,Rivera,TI
6804,Bironico,Bironico,TI
6803,Camignolo,Camignolo,TI
6807,Taverne,Taverne,TI
6808,Torricella,Torricella,TI
6814,Lamone-Cadempino,Lamone-Cadempino,TI
6815,Melide,Melide,TI
6816,Bissone,Bissone,TI
6817,Maroggia,Maroggia,TI
6818,Melano,Melano,TI
6822,Arogno,Arogno,TI
6825,Capolago,Capolago,TI
6826,Riva San Vitale,Riva San Vitale,TI
6828,Balerna,Balerna,TI
6830,Chiasso,Chiasso,TI
6839,Sagno,Sagno,TI
6837,Caneggio,Caneggio,TI
6838,Cabbio,Cabbio,TI
6832,Pedrinate,Pedrinate,TI
6833,Vacallo,Vacallo,TI
6834,Morbio Inferiore,Morbio Inferiore,TI
6836,Serfontana,Serfontana,TI
6835,Morbio Superiore,Morbio Superiore,TI
6809,Medeglia,Medeglia,TI
6810,Isone,Isone,TI
6805,Mezzovico,Mezzovico,TI
6806,Sigirino,Sigirino,TI
6821,Rovio,Rovio,TI
6823,Pugerna,Pugerna,TI
6850,Mendrisio,Mendrisio,TI
6875,Monte,Monte,TI
6873,Corteglia,Corteglia,TI
6852,Genestrerio,Genestrerio,TI
6853,Ligornetto,Ligornetto,TI
6854,S. Pietro,S. Pietro,TI
6855,Stabio,Stabio,TI
6862,Rancate,Rancate,TI
6863,Besazio,Besazio,TI
6864,Arzo,Arzo,TI
6865,Tremona,Tremona,TI
6866,Meride,Meride,TI
6867,Serpiano,Serpiano,TI
6872,Salorino,Salorino,TI
6874,Castel San Pietro,Castel San Pietro,TI
6877,Coldrerio,Coldrerio,TI
6883,Novazzano,Novazzano,TI
6900,Lugano,Lugano,TI
6901,Lugano,Lugano,TI
6902,Lugano 2 Caselle,Lugano 2 Caselle,TI
6903,Lugano,Lugano,TI
6904,Lugano 4 Caselle,Lugano 4 Caselle,TI
6905,Lugano 5 Autoposta,Lugano 5 Autoposta,TI
6906,Lugano 6 Caselle,Lugano 6 Caselle,TI
6913,Carabbia,Carabbia,TI
6915,Pambio-Noranco,Pambio-Noranco,TI
6916,Grancia,Grancia,TI
6917,Barbengo,Barbengo,TI
6919,Carabietta,Carabietta,TI
6921,Vico Morcote,Vico Morcote,TI
6928,Manno,Manno,TI
6929,Gravesano,Gravesano,TI
6930,Bedano,Bedano,TI
6939,Arosio,Arosio,TI
6938,Vezio,Vezio,TI
6937,Breno,Breno,TI
6949,Comano,Comano,TI
6979,Brè sopra Lugano,Bre sopra Lugano,TI
6827,Brusino Arsizio,Brusino Arsizio,TI
6912,Pazzallo,Pazzallo,TI
6914,Carona,Carona,TI
6918,Figino,Figino,TI
6922,Morcote,Morcote,TI
6924,Sorengo,Sorengo,TI
6925,Gentilino,Gentilino,TI
6926,Montagnola,Montagnola,TI
6927,Agra,Agra,TI
6932,Breganzona,Breganzona,TI
6933,Muzzano,Muzzano,TI
6934,Bioggio,Bioggio,TI
6935,Bosco Luganese,Bosco Luganese,TI
6936,Cademario,Cademario,TI
6942,Savosa,Savosa,TI
6943,Vezia,Vezia,TI
6948,Porza,Porza,TI
6950,Tesserete,Tesserete,TI
6944,Cureglia,Cureglia,TI
6945,Origlio,Origlio,TI
6946,Ponte Capriasca,Ponte Capriasca,TI
6947,Vaglio,Vaglio,TI
6954,Sala Capriasca,Sala Capriasca,TI
6953,Lugaggia,Lugaggia,TI
6951,Insone,Insone,TI
6956,Lopagno,Lopagno,TI
6957,Roveredo TI,Roveredo TI,TI
6958,Bidogno,Bidogno,TI
6955,Cagiallo,Cagiallo,TI
6959,Cimadera,Cimadera,TI
6952,Canobbio,Canobbio,TI
6962,Viganello,Viganello,TI
6963,Pregassona,Pregassona,TI
6964,Davesco-Soragno,Davesco-Soragno,TI
6965,Cadro,Cadro,TI
6966,Villa Luganese,Villa Luganese,TI
6967,Dino,Dino,TI
6968,Sonvico,Sonvico,TI
6974,Aldesago,Aldesago,TI
6976,Castagnola,Castagnola,TI
6977,Ruvigliana,Ruvigliana,TI
6978,Gandria,Gandria,TI
6990,Cassina d'Agno,Cassina d'Agno,TI
6991,Neggio,Neggio,TI
6992,Vernate,Vernate,TI
6993,Iseo,Iseo,TI
6994,Aranno,Aranno,TI
6981,Bedigliora,Bedigliora,TI
6980,Castelrotto,Castelrotto,TI
6999,Astano,Astano,TI
6986,Miglieglia,Miglieglia,TI
6989,Purasca,Purasca,TI
6995,Molinazzo,Molinazzo,TI
6996,Ponte Cremenaga,Ponte Cremenaga,TI
6997,Sessa,Sessa,TI
6998,Termine,Termine,TI
6982,Agno,Agno,TI
6983,Magliaso,Magliaso,TI
6984,Pura,Pura,TI
6987,Caslano,Caslano,TI
6988,Ponte Tresa,Ponte Tresa,TI
7000,Chur,Chur,GR
7001,Chur,Chur,GR
7002,Chur,Chur,GR
7004,Chur,Chur,GR
7006,Chur,Chur,GR
7007,Chur,Chur,GR
7012,Felsberg,Felsberg,GR
7013,Domat/Ems,Domat/Ems,GR
7015,Tamins,Tamins,GR
7017,Flims Dorf,Flims Dorf,GR
7018,Flims Waldhaus,Flims Waldhaus,GR
7023,Haldenstein,Haldenstein,GR
7026,Maladers,Maladers,GR
7031,Laax GR,Laax GR,GR
7032,Laax GR 2,Laax GR 2,GR
7050,Arosa,Arosa,GR
7062,Passugg-Araschgen,Passugg-Araschgen,GR
7063,Praden,Praden,GR
7064,Tschiertschen,Tschiertschen,GR
7074,Malix,Malix,GR
7075,Churwalden,Churwalden,GR
7076,Parpan,Parpan,GR
7077,Valbella,Valbella,GR
7078,Lenzerheide/Lai,Lenzerheide/Lai,GR
7082,Vaz/Obervaz,Vaz/Obervaz,GR
7083,Lantsch/Lenz,Lantsch/Lenz,GR
7084,Brienz/Brinzauls,Brienz/Brinzauls,GR
7014,Trin,Trin,GR
7016,Trin Mulin,Trin Mulin,GR
7019,Fidaz,Fidaz,GR
7027,Lüen,Luen,GR
7028,St. Peter,St. Peter,GR
7056,Molinis,Molinis,GR
7029,Peist,Peist,GR
7057,Langwies,Langwies,GR
7058,Litzirüti,Litziruti,GR
7104,Versam,Versam,GR
7106,Tenna,Tenna,GR
7107,Safien Platz,Safien Platz,GR
7109,Thalkirch,Thalkirch,GR
7122,Valendas,Valendas,GR
7126,Castrisch,Castrisch,GR
7154,Ruschein,Ruschein,GR
7155,Ladir,Ladir,GR
7151,Schluein,Schluein,GR
7153,Falera,Falera,GR
7152,Sagogn,Sagogn,GR
7127,Sevgein,Sevgein,GR
7128,Riein,Riein,GR
7111,Pitasch,Pitasch,GR
7112,Duvin,Duvin,GR
7113,Camuns,Camuns,GR
7114,Uors (Lumnezia),Uors (Lumnezia),GR
7115,Surcasti,Surcasti,GR
7116,Tersnaus,Tersnaus,GR
7141,Luven,Luven,GR
7142,Cumbel,Cumbel,GR
7143,Morissen,Morissen,GR
7144,Vella,Vella,GR
7145,Degen,Degen,GR
7146,Vattiz,Vattiz,GR
7147,Vignogn,Vignogn,GR
7148,Lumbrein,Lumbrein,GR
7149,Vrin,Vrin,GR
7137,Flond,Flond,GR
7138,Surcuolm,Surcuolm,GR
7132,Vals,Vals,GR
7133,Obersaxen Affeier,Obersaxen Affeier,GR
7134,Obersaxen Meierhof,Obersaxen Meierhof,GR
7135,Obersaxen Giraniga,Obersaxen Giraniga,GR
7136,Obers Friggahüs,Obers Friggahus,GR
7156,Pigniu,Pigniu,GR
7157,Siat,Siat,GR
7158,Waltensburg/Vuorz,Waltensburg/Vuorz,GR
7159,Andiast,Andiast,GR
7162,Tavanasa,Tavanasa,GR
7163,Danis,Danis,GR
7164,Dardin,Dardin,GR
7165,Breil/Brigels,Breil/Brigels,GR
7166,Trun,Trun,GR
7168,Schlans,Schlans,GR
7167,Zignau,Zignau,GR
7172,Rabius,Rabius,GR
7175,Sumvitg,Sumvitg,GR
7174,S. Benedetg,S. Benedetg,GR
7180,Disentis/Mustér,Disentis/Muster,GR
7182,Cavardiras,Cavardiras,GR
7183,Mumpé Medel,Mumpe Medel,GR
7184,Curaglia,Curaglia,GR
7185,Platta,Platta,GR
7186,Segnas,Segnas,GR
7187,Camischolas,Camischolas,GR
7189,Rueras,Rueras,GR
7188,Sedrun,Sedrun,GR
7173,Surrein,Surrein,GR
7176,Cumpadials,Cumpadials,GR
7201,Untervaz Bahnhof,Untervaz Bahnhof,GR
7203,Trimmis,Trimmis,GR
7202,Says,Says,GR
7204,Untervaz,Untervaz,GR
7205,Zizers,Zizers,GR
7206,Igis,Igis,GR
7208,Malans GR,Malans GR,GR
7212,Seewis Dorf,Seewis Dorf,GR
7213,Valzeina,Valzeina,GR
7214,Grüsch,Grusch,GR
7215,Fanas,Fanas,GR
7220,Schiers,Schiers,GR
7228,Schuders,Schuders,GR
7226,Stels,Stels,GR
7222,Mittellunden,Mittellunden,GR
7223,Buchen,Buchen,GR
7224,Putz,Putz,GR
7231,Pragg-Jenaz,Pragg-Jenaz,GR
7232,Furna,Furna,GR
7233,Jenaz,Jenaz,GR
7235,Fideris,Fideris,GR
7240,Küblis,Kublis,GR
7242,Luzein,Luzein,GR
7243,Pany,Pany,GR
7244,Gadenstätt,Gadenstatt,GR
7245,Ascharina,Ascharina,GR
7246,St. Antönien,St. Antonien,GR
7241,Conters,Conters,GR
7247,Saas im Prättigau,Saas im Prattigau,GR
7249,Serneus,Serneus,GR
7250,Klosters,Klosters,GR
7252,Klosters Dorf,Klosters Dorf,GR
7260,Davos Dorf,Davos Dorf,GR
7265,Davos Wolfgang,Davos Wolfgang,GR
7270,Davos Platz,Davos Platz,GR
7272,Davos Clavadel,Davos Clavadel,GR
7276,Davos Frauenkirch,Davos Frauenkirch,GR
7277,Davos Glaris,Davos Glaris,GR
7278,Davos Monstein,Davos Monstein,GR
7302,Landquart,Landquart,GR
7303,Mastrils,Mastrils,GR
7304,Maienfeld,Maienfeld,GR
7306,Fläsch,Flasch,GR
7307,Jenins,Jenins,GR
7310,Bad Ragaz,Bad Ragaz,SG
7317,Valens,Valens,SG
7314,Vadura,Vadura,SG
7315,Vättis,Vattis,SG
7312,Pfäfers,Pfafers,SG
7313,St. Margrethenberg,St. Margrethenberg,SG
7320,Sargans,Sargans,SG
7325,Schwendi,Schwendi,SG
7326,Weisstannen,Weisstannen,SG
7323,Wangs,Wangs,SG
7324,Vilters,Vilters,SG
7402,Bonaduz,Bonaduz,GR
7403,Rhäzüns,Rhazuns,GR
7404,Feldis/Veulden,Feldis/Veulden,GR
7405,Rothenbrunnen,Rothenbrunnen,GR
7408,Cazis,Cazis,GR
7411,Sils im Domleschg,Sils im Domleschg,GR
7412,Scharans,Scharans,GR
7413,Fürstenaubruck,Furstenaubruck,GR
7414,Fürstenau,Furstenau,GR
7415,Rodels,Rodels,GR
7416,Almens,Almens,GR
7417,Paspels,Paspels,GR
7407,Trans,Trans,GR
7418,Tumegl/Tomils,Tumegl/Tomils,GR
7419,Scheid,Scheid,GR
7430,Thusis,Thusis,GR
7425,Masein,Masein,GR
7426,Flerden,Flerden,GR
7427,Urmein,Urmein,GR
7428,Tschappina,Tschappina,GR
7421,Summaprada,Summaprada,GR
7422,Tartar,Tartar,GR
7423,Sarn,Sarn,GR
7424,Präz,Praz,GR
7431,Mutten,Mutten,GR
7432,Zillis,Zillis,GR
7433,Donat,Donat,GR
7434,Sufers,Sufers,GR
7435,Splügen,Splugen,GR
7436,Medels,Medels,GR
7437,Nufenen,Nufenen,GR
7438,Hinterrhein,Hinterrhein,GR
7440,Andeer,Andeer,GR
7442,Clugin,Clugin,GR
7443,Pignia,Pignia,GR
7444,Ausserferrera,Ausserferrera,GR
7445,Innerferrera,Innerferrera,GR
7446,Campsut-Cröt,Campsut-Crot,GR
7447,Cresta (Avers),Cresta (Avers),GR
7448,Juf,Juf,GR
7450,Tiefencastel,Tiefencastel,GR
7458,Mon,Mon,GR
7459,Stierva,Stierva,GR
7451,Alvaschein,Alvaschein,GR
7452,Cunter,Cunter,GR
7453,Tinizong,Tinizong,GR
7454,Rona,Rona,GR
7455,Mulegns,Mulegns,GR
7456,Sur,Sur,GR
7457,Bivio,Bivio,GR
7460,Savognin,Savognin,GR
7462,Salouf,Salouf,GR
7463,Riom,Riom,GR
7464,Parsonz,Parsonz,GR
7472,Surava,Surava,GR
7473,Alvaneu Bad,Alvaneu Bad,GR
7477,Filisur,Filisur,GR
7482,Bergün/Bravuogn,Bergun/Bravuogn,GR
7484,Latsch,Latsch,GR
7492,Alvaneu Dorf,Alvaneu Dorf,GR
7493,Schmitten (Albula),Schmitten (Albula),GR
7494,Davos Wiesen,Davos Wiesen,GR
7500,St. Moritz,St. Moritz,GR
7502,Bever,Bever,GR
7503,Samedan,Samedan,GR
7504,Pontresina,Pontresina,GR
7505,Celerina,Celerina,GR
7512,Champfèr,Champfer,GR
7513,Silvaplana,Silvaplana,GR
7514,Sils/Segl Maria,Sils/Segl Maria,GR
7515,Sils/Segl Baselgia,Sils/Segl Baselgia,GR
7516,Maloja,Maloja,GR
7517,Plaun da Lej,Plaun da Lej,GR
7522,La Punt-Chamues-ch,La Punt-Chamues-ch,GR
7523,Madulain,Madulain,GR
7524,Zuoz,Zuoz,GR
7525,S-chanf,S-chanf,GR
7526,Cinuos-chel,Cinuos-chel,GR
7527,Brail,Brail,GR
7530,Zernez,Zernez,GR
7532,Tschierv,Tschierv,GR
7533,Fuldera,Fuldera,GR
7534,Lü,Lu,GR
7535,Valchava,Valchava,GR
7536,Sta. Maria V. M.,Sta. Maria V. M.,GR
7537,Müstair,Mustair,GR
7542,Susch,Susch,GR
7543,Lavin,Lavin,GR
7545,Guarda,Guarda,GR
7546,Ardez,Ardez,GR
7550,Scuol,Scuol,GR
7551,Ftan,Ftan,GR
7552,Vulpera,Vulpera,GR
7553,Tarasp,Tarasp,GR
7554,Sent,Sent,GR
7556,Ramosch,Ramosch,GR
7557,Vnà,Vna,GR
7558,Strada,Strada,GR
7559,Tschlin,Tschlin,GR
7560,Martina,Martina,GR
7562,Samnaun-Compatsch,Samnaun-Compatsch,GR
7563,Samnaun Dorf,Samnaun Dorf,GR
7602,Casaccia,Casaccia,GR
7603,Vicosoprano,Vicosoprano,GR
7604,Borgonovo,Borgonovo,GR
7605,Stampa,Stampa,GR
7606,Promontogno,Promontogno,GR
7610,Soglio,Soglio,GR
7608,Castasegna,Castasegna,GR
7742,Poschiavo,Poschiavo,GR
7743,Brusio,Brusio,GR
7747,Viano,Viano,GR
7744,Campocologno,Campocologno,GR
7710,Ospizio Bernina,Ospizio Bernina,GR
7741,S. Carlo GR,S. Carlo GR,GR
7745,Li Curt,Li Curt,GR
7746,Le Prese,Le Prese,GR
7748,Campascio,Campascio,GR
8000,Zürich,Zurich,ZH
8001,Zürich,Zurich,ZH
8002,Zürich,Zurich,ZH
8003,Zürich,Zurich,ZH
8004,Zürich,Zurich,ZH
8005,Zürich,Zurich,ZH
8006,Zürich,Zurich,ZH
8008,Zürich,Zurich,ZH
8010,Zürich,Zurich,ZH
8020,Zürich 1,Zurich 1,ZH
8016,Zürich 16 Zust,Zurich 16 Zust,ZH
8080,Zürich 80,Zurich 80,ZH
8021,Zürich 1 Sihlpost,Zurich 1 Sihlpost,ZH
8022,Zürich,Zurich,ZH
8023,Zürich,Zurich,ZH
8024,Zürich,Zurich,ZH
8026,Zürich,Zurich,ZH
8027,Zürich,Zurich,ZH
8031,Zürich,Zurich,ZH
8032,Zürich,Zurich,ZH
8033,Zürich,Zurich,ZH
8034,Zürich,Zurich,ZH
8036,Zürich,Zurich,ZH
8037,Zürich,Zurich,ZH
8038,Zürich,Zurich,ZH
8039,Zürich,Zurich,ZH
8040,Zürich,Zurich,ZH
8041,Zürich,Zurich,ZH
8042,Zürich,Zurich,ZH
8044,Zürich,Zurich,ZH
8045,Zürich,Zurich,ZH
8046,Zürich,Zurich,ZH
8047,Zürich,Zurich,ZH
8048,Zürich,Zurich,ZH
8049,Zürich,Zurich,ZH
8050,Zürich,Zurich,ZH
8051,Zürich,Zurich,ZH
8052,Zürich,Zurich,ZH
8053,Zürich,Zurich,ZH
8055,Zürich,Zurich,ZH
8057,Zürich,Zurich,ZH
8058,Zürich,Zurich,ZH
8061,Zürich,Zurich,ZH
8063,Zürich,Zurich,ZH
8064,Zürich,Zurich,ZH
8065,Zürich,Zurich,ZH
8088,Zürich,Zurich,ZH
8090,Zürich,Zurich,ZH
8091,Zürich,Zurich,ZH
8092,Zürich,Zurich,ZH
8093,Zürich,Zurich,ZH
8099,Zürich,Zurich,ZH
8102,Oberengstringen,Oberengstringen,ZH
8103,Unterengstringen,Unterengstringen,ZH
8104,Weiningen ZH,Weiningen ZH,ZH
8105,Regensdorf,Regensdorf,ZH
8107,Buchs ZH,Buchs ZH,ZH
8108,Dällikon,Dallikon,ZH
8112,Otelfingen,Otelfingen,ZH
8113,Boppelsen,Boppelsen,ZH
8114,Dänikon ZH,Danikon ZH,ZH
8115,Hüttikon,Huttikon,ZH
5436,Würenlos,Wurenlos,AG
8117,Fällanden,Fallanden,ZH
8121,Benglen,Benglen,ZH
8122,Binz,Binz,ZH
8123,Ebmatingen,Ebmatingen,ZH
8124,Maur,Maur,ZH
8125,Zollikerberg,Zollikerberg,ZH
8126,Zumikon,Zumikon,ZH
8127,Forch,Forch,ZH
8132,Hinteregg,Hinteregg,ZH
8133,Esslingen,Esslingen,ZH
8134,Adliswil,Adliswil,ZH
8135,Langnau am Albis,Langnau am Albis,ZH
8136,Gattikon,Gattikon,ZH
8143,Uetliberg,Uetliberg,ZH
8142,Uitikon Waldegg,Uitikon Waldegg,ZH
8152,Glattbrugg,Glattbrugg,ZH
8153,Rümlang,Rumlang,ZH
8154,Oberglatt ZH,Oberglatt ZH,ZH
8155,Niederhasli,Niederhasli,ZH
8156,Oberhasli,Oberhasli,ZH
8157,Dielsdorf,Dielsdorf,ZH
8158,Regensberg,Regensberg,ZH
8162,Steinmaur,Steinmaur,ZH
8164,Bachs,Bachs,ZH
8165,Schöfflisdorf,Schofflisdorf,ZH
8166,Niederweningen,Niederweningen,ZH
8172,Niederglatt ZH,Niederglatt ZH,ZH
8173,Neerach,Neerach,ZH
8174,Stadel,Stadel,ZH
8175,Windlach,Windlach,ZH
8180,Bülach,Bulach,ZH
8181,Höri,Hori,ZH
8182,Hochfelden,Hochfelden,ZH
8184,Bachenbülach,Bachenbulach,ZH
8185,Winkel,Winkel,ZH
8192,Glattfelden,Glattfelden,ZH
8193,Eglisau,Eglisau,ZH
8194,Hüntwangen,Huntwangen,ZH
8195,Wasterkingen,Wasterkingen,ZH
8196,Wil ZH,Wil ZH,ZH
8197,Rafz,Rafz,ZH
8200,Schaffhausen,Schaffhausen,SH
8201,Schaffhausen,Schaffhausen,SH
8202,Schaffhausen,Schaffhausen,SH
8203,Schaffhausen,Schaffhausen,SH
8204,Schaffhausen,Schaffhausen,SH
8205,Schaffhausen,Schaffhausen,SH
8207,Schaffhausen,Schaffhausen,SH
8208,Schaffhausen,Schaffhausen,SH
8219,Trasadingen,Trasadingen,SH
8228,Beggingen,Beggingen,SH
8231,Hemmental,Hemmental,SH
8234,Stetten SH,Stetten SH,SH
8235,Lohn SH,Lohn SH,SH
8236,Opfertshofen SH,Opfertshofen SH,SH
8242,Bibern SH,Bibern SH,SH
8243,Altdorf SH,Altdorf SH,SH
8239,Dörflingen,Dorflingen,SH
8212,Neuhausen,Neuhausen,SH
8213,Neunkirch,Neunkirch,SH
8214,Gächlingen,Gachlingen,SH
8215,Hallau,Hallau,SH
8216,Oberhallau,Oberhallau,SH
8217,Wilchingen,Wilchingen,SH
8218,Osterfingen,Osterfingen,SH
8222,Beringen,Beringen,SH
8223,Guntmadingen,Guntmadingen,SH
8224,Löhningen,Lohningen,SH
8225,Siblingen,Siblingen,SH
8226,Schleitheim,Schleitheim,SH
8232,Merishausen,Merishausen,SH
8233,Bargen SH,Bargen SH,SH
8240,Thayngen,Thayngen,SH
8241,Barzheim,Barzheim,SH
8245,Feuerthalen,Feuerthalen,ZH
8246,Langwiesen,Langwiesen,ZH
8247,Flurlingen,Flurlingen,ZH
8252,Schlatt TG,Schlatt TG,TG
8254,Basadingen,Basadingen,TG
8259,Kaltenbach,Kaltenbach,TG
8253,Diessenhofen,Diessenhofen,TG
8255,Schlattingen,Schlattingen,TG
8260,Stein am Rhein,Stein am Rhein,SH
8261,Hemishofen,Hemishofen,SH
8262,Ramsen,Ramsen,SH
8263,Buch SH,Buch SH,SH
8264,Eschenz,Eschenz,TG
8265,Mammern,Mammern,TG
8266,Steckborn,Steckborn,TG
8267,Berlingen,Berlingen,TG
8268,Mannenbach-Salenst,Mannenbach-Salenst,TG
8272,Ermatingen,Ermatingen,TG
8273,Triboltingen,Triboltingen,TG
8274,Tägerwilen,Tagerwilen,TG
8280,Kreuzlingen,Kreuzlingen,TG
8301,Glattzentrum,Glattzentrum,ZH
8302,Kloten,Kloten,ZH
8303,Bassersdorf,Bassersdorf,ZH
8304,Wallisellen,Wallisellen,ZH
8305,Dietlikon,Dietlikon,ZH
8306,Brüttisellen,Bruttisellen,ZH
8307,Effretikon,Effretikon,ZH
8315,Lindau,Lindau,ZH
8308,Illnau,Illnau,ZH
8309,Nürensdorf,Nurensdorf,ZH
8310,Kemptthal,Kemptthal,ZH
8312,Winterberg ZH,Winterberg ZH,ZH
8311,Brütten,Brutten,ZH
8314,Kyburg,Kyburg,ZH
8130,Zumikon Y. Rocher,Zumikon Y. Rocher,ZH
8320,Fehraltorf,Fehraltorf,ZH
8489,Wildberg,Wildberg,ZH
8322,Madetswil,Madetswil,ZH
8330,Pfäffikon ZH,Pfaffikon ZH,ZH
8331,Auslikon,Auslikon,ZH
8332,Russikon,Russikon,ZH
8335,Hittnau,Hittnau,ZH
8340,Hinwil,Hinwil,ZH
8342,Wernetshausen,Wernetshausen,ZH
8344,Bäretswil,Baretswil,ZH
8345,Adetswil,Adetswil,ZH
8352,Elsau,Elsau,ZH
8353,Elgg,Elgg,ZH
8354,Hofstetten ZH,Hofstetten ZH,ZH
8355,Aadorf,Aadorf,TG
8356,Ettenhausen TG,Ettenhausen TG,TG
8357,Guntershausen,Guntershausen,TG
8360,Eschlikon TG,Eschlikon TG,TG
8362,Balterswil,Balterswil,TG
8363,Bichelsee,Bichelsee,TG
8370,Sirnach,Sirnach,TG
8372,Wiezikon b.Sirnach,Wiezikon b.Sirnach,TG
8374,Oberwangen TG,Oberwangen TG,TG
8376,Fischingen,Fischingen,TG
8400,Winterthur,Winterthur,ZH
8401,Winterthur,Winterthur,ZH
8402,Winterthur,Winterthur,ZH
8404,Winterthur,Winterthur,ZH
8405,Winterthur,Winterthur,ZH
8406,Winterthur,Winterthur,ZH
8408,Winterthur,Winterthur,ZH
8409,Winterthur,Winterthur,ZH
8410,Winterthur,Winterthur,ZH
8411,Winterthur,Winterthur,ZH
8412,Aesch (Neftenbach),Aesch (Neftenbach),ZH
8413,Neftenbach,Neftenbach,ZH
8414,Buch am Irchel,Buch am Irchel,ZH
8415,Berg am Irchel,Berg am Irchel,ZH
8416,Flaach,Flaach,ZH
8418,Schlatt,Schlatt,ZH
8422,Pfungen,Pfungen,ZH
8421,Dättlikon,Dattlikon,ZH
8423,Embrach-Embraport,Embrach-Embraport,ZH
8424,Embrach,Embrach,ZH
8425,Oberembrach,Oberembrach,ZH
8426,Lufingen,Lufingen,ZH
8427,Rorbas-Freienstein,Rorbas-Freienstein,ZH
8428,Teufen ZH,Teufen ZH,ZH
8187,Weiach,Weiach,ZH
5466,Kaiserstuhl AG,Kaiserstuhl AG,AG
5467,Fisibach,Fisibach,AG
5332,Rekingen AG,Rekingen AG,AG
5330,Bad Zurzach,Bad Zurzach,AG
5323,Rietheim,Rietheim,AG
5464,Rümikon AG,Rumikon AG,AG
5465,Mellikon,Mellikon,AG
5463,Wislikofen,Wislikofen,AG
5462,Siglistorf,Siglistorf,AG
5333,Baldingen,Baldingen,AG
5334,Böbikon,Bobikon,AG
8442,Hettlingen,Hettlingen,ZH
8444,Henggart,Henggart,ZH
8447,Dachsen,Dachsen,ZH
8248,Uhwiesen,Uhwiesen,ZH
8450,Andelfingen,Andelfingen,ZH
8453,Alten,Alten,ZH
8451,Kleinandelfingen,Kleinandelfingen,ZH
8452,Adlikon,Adlikon,ZH
8457,Humlikon,Humlikon,ZH
8458,Dorf,Dorf,ZH
8459,Volken,Volken,ZH
8454,Buchberg,Buchberg,SH
8455,Rüdlingen,Rudlingen,SH
8460,Marthalen,Marthalen,ZH
8464,Ellikon am Rhein,Ellikon am Rhein,ZH
8461,Oerlingen,Oerlingen,ZH
8465,Rudolfingen,Rudolfingen,ZH
8466,Trüllikon,Trullikon,ZH
8462,Rheinau,Rheinau,ZH
8463,Benken ZH,Benken ZH,ZH
8472,Seuzach,Seuzach,ZH
8474,Dinhard,Dinhard,ZH
8475,Ossingen,Ossingen,ZH
8476,Unterstammheim,Unterstammheim,ZH
8477,Oberstammheim,Oberstammheim,ZH
8471,Rutschwil,Rutschwil,ZH
8478,Thalheim,Thalheim,ZH
8479,Altikon,Altikon,ZH
8467,Truttikon,Truttikon,ZH
8468,Guntalingen,Guntalingen,ZH
8482,Sennhof,Sennhof,ZH
8483,Kollbrunn,Kollbrunn,ZH
8484,Weisslingen,Weisslingen,ZH
8486,Rikon im Tösstal,Rikon im Tosstal,ZH
8487,Rämismühle,Ramismuhle,ZH
8488,Turbenthal,Turbenthal,ZH
8492,Wila,Wila,ZH
8493,Saland,Saland,ZH
8494,Bauma,Bauma,ZH
8496,Steg im Tösstal,Steg im Tosstal,ZH
8497,Fischenthal,Fischenthal,ZH
8498,Gibswil,Gibswil,ZH
8495,Schmidrüti,Schmidruti,ZH
8499,Sternenberg,Sternenberg,ZH
8500,Frauenfeld,Frauenfeld,TG
8501,Frauenfeld,Frauenfeld,TG
8502,Frauenfeld,Frauenfeld,TG
8503,Frauenfeld,Frauenfeld,TG
8505,Pfyn,Pfyn,TG
8506,Lanzenneunforn,Lanzenneunforn,TG
8507,Hörhausen,Horhausen,TG
8508,Homburg,Homburg,TG
8512,Thundorf,Thundorf,TG
8514,Amlikon-Bissegg,Amlikon-Bissegg,TG
8522,Häuslenen,Hauslenen,TG
8523,Hagenbuch ZH,Hagenbuch ZH,ZH
8524,Uesslingen,Uesslingen,TG
8525,Niederneunforn,Niederneunforn,TG
8526,Oberneunforn,Oberneunforn,TG
8532,Warth,Warth,TG
8535,Herdern,Herdern,TG
8536,Hüttwilen,Huttwilen,TG
8537,Nussbaumen TG,Nussbaumen TG,TG
8542,Wiesendangen,Wiesendangen,ZH
8545,Rickenbach ZH,Rickenbach ZH,ZH
8544,Attikon,Attikon,ZH
8546,Islikon,Islikon,TG
8547,Gachnang,Gachnang,TG
8548,Ellikon a d Thur,Ellikon a d Thur,ZH
8552,Felben-Wellhausen,Felben-Wellhausen,TG
8553,Hüttlingen-Mettdf,Huttlingen-Mettdf,TG
8554,Müllheim-Wigoltgn,Mullheim-Wigoltgn,TG
8555,Müllheim Dorf,Mullheim Dorf,TG
8556,Wigoltingen,Wigoltingen,TG
8564,Lipperswil,Lipperswil,TG
8558,Raperswilen,Raperswilen,TG
8269,Fruthwilen,Fruthwilen,TG
8560,Märstetten,Marstetten,TG
8561,Ottoberg,Ottoberg,TG
8565,Hugelshofen,Hugelshofen,TG
8566,Dotnacht,Dotnacht,TG
8570,Weinfelden,Weinfelden,TG
8572,Berg TG,Berg TG,TG
8573,Siegershausen,Siegershausen,TG
8574,Lengwil-Oberhofen,Lengwil-Oberhofen,TG
8575,Bürglen TG,Burglen TG,TG
8576,Mauren TG,Mauren TG,TG
8577,Schönholzerswilen,Schonholzerswilen,TG
9217,Neukirch,Neukirch,TG
8580,Amriswil,Amriswil,TG
8582,Dozwil,Dozwil,TG
8581,Schocherswil,Schocherswil,TG
8588,Zihlschlacht,Zihlschlacht,TG
8589,Sitterdorf,Sitterdorf,TG
8583,Sulgen,Sulgen,TG
8584,Leimbach TG,Leimbach TG,TG
8585,Mattwil,Mattwil,TG
8586,Erlen,Erlen,TG
8587,Oberaach,Oberaach,TG
8590,Romanshorn,Romanshorn,TG
8599,Salmsach,Salmsach,TG
8592,Uttwil,Uttwil,TG
8593,Kesswil,Kesswil,TG
8594,Güttingen,Guttingen,TG
8595,Altnau,Altnau,TG
8596,Scherzingen,Scherzingen,TG
8597,Landschlacht,Landschlacht,TG
8598,Bottighofen,Bottighofen,TG
8600,Dübendorf,Dubendorf,ZH
8602,Wangen ZH,Wangen ZH,ZH
8603,Schwerzenbach,Schwerzenbach,ZH
8604,Volketswil,Volketswil,ZH
8605,Gutenswil,Gutenswil,ZH
8606,Nänikon,Nanikon,ZH
8607,Aathal-Seegräben,Aathal-Seegraben,ZH
8608,Bubikon,Bubikon,ZH
8610,Uster,Uster,ZH
8612,Uster 2,Uster 2,ZH
8613,Uster 3,Uster 3,ZH
8614,Bertschikon Gossau,Bertschikon Gossau,ZH
8615,Wermatswil,Wermatswil,ZH
8616,Riedikon,Riedikon,ZH
8617,Mönchaltorf,Monchaltorf,ZH
8618,Oetwil am See,Oetwil am See,ZH
8620,Wetzikon ZH,Wetzikon ZH,ZH
8621,Wetzikon ZH 4,Wetzikon ZH 4,ZH
8622,Wetzikon ZH,Wetzikon ZH,ZH
8623,Wetzikon ZH,Wetzikon ZH,ZH
8624,Grüt (Gossau ZH),Grut (Gossau ZH),ZH
8625,Gossau ZH,Gossau ZH,ZH
8626,Ottikon,Ottikon,ZH
8627,Grüningen,Gruningen,ZH
8630,Rüti ZH,Ruti ZH,ZH
8632,Tann,Tann,ZH
8633,Wolfhausen,Wolfhausen,ZH
8634,Hombrechtikon,Hombrechtikon,ZH
8635,Dürnten,Durnten,ZH
8636,Wald ZH,Wald ZH,ZH
8639,Faltigberg,Faltigberg,ZH
8637,Laupen ZH,Laupen ZH,ZH
8638,Goldingen,Goldingen,SG
8640,Rapperswil SG,Rapperswil SG,SG
8645,Jona,Jona,SG
8646,Wagen,Wagen,SG
8700,Küsnacht ZH,Kusnacht ZH,ZH
8702,Zollikon,Zollikon,ZH
8703,Erlenbach ZH,Erlenbach ZH,ZH
8704,Herrliberg,Herrliberg,ZH
8706,Meilen,Meilen,ZH
8707,Uetikon am See,Uetikon am See,ZH
8708,Männedorf,Mannedorf,ZH
8712,Stäfa,Stafa,ZH
8713,Uerikon,Uerikon,ZH
8714,Feldbach,Feldbach,ZH
8715,Bollingen,Bollingen,SG
8716,Schmerikon,Schmerikon,SG
8717,Benken SG,Benken SG,SG
8718,Schänis,Schanis,SG
8722,Kaltbrunn,Kaltbrunn,SG
8723,Rufi,Rufi,SG
8725,Ernetschwil,Ernetschwil,SG
8726,Ricken SG,Ricken SG,SG
8727,Walde SG,Walde SG,SG
8730,Uznach,Uznach,SG
8732,Neuhaus SG,Neuhaus SG,SG
8733,Eschenbach SG,Eschenbach SG,SG
8734,Ermenswil,Ermenswil,SG
8735,St. Gallenkappel,St. Gallenkappel,SG
8737,Gommiswald,Gommiswald,SG
8738,Uetliburg SG,Uetliburg SG,SG
8739,Rieden SG,Rieden SG,SG
8740,Uznach Vögele AG,Uznach Vogele AG,SG
8750,Glarus,Glarus,GL
8751,Urnerboden,Urnerboden,UR
8752,Näfels,Nafels,GL
8753,Mollis,Mollis,GL
8754,Netstal,Netstal,GL
8755,Ennenda,Ennenda,GL
8756,Mitlödi,Mitlodi,GL
8762,Schwanden GL,Schwanden GL,GL
8765,Engi,Engi,GL
8766,Matt,Matt,GL
8767,Elm,Elm,GL
8772,Nidfurn,Nidfurn,GL
8773,Haslen GL,Haslen GL,GL
8775,Luchsingen,Luchsingen,GL
8777,Diesbach GL,Diesbach GL,GL
8782,Rüti GL,Ruti GL,GL
8783,Linthal,Linthal,GL
8784,Braunwald,Braunwald,GL
8800,Thalwil,Thalwil,ZH
8802,Kilchberg ZH,Kilchberg ZH,ZH
8803,Rüschlikon,Ruschlikon,ZH
8804,Au ZH,Au ZH,ZH
8805,Richterswil,Richterswil,ZH
8806,Bäch SZ,Bach SZ,SZ
8807,Freienbach,Freienbach,SZ
8808,Pfäffikon SZ,Pfaffikon SZ,SZ
8810,Horgen,Horgen,ZH
8813,Horgen,Horgen,ZH
8815,Horgenberg,Horgenberg,ZH
8816,Hirzel,Hirzel,ZH
8820,Wädenswil,Wadenswil,ZH
8824,Schönenberg ZH,Schonenberg ZH,ZH
8825,Hütten,Hutten,ZH
8832,Wollerau,Wollerau,SZ
8833,Samstagern,Samstagern,ZH
8834,Schindellegi,Schindellegi,SZ
8835,Feusisberg,Feusisberg,SZ
8836,Bennau,Bennau,SZ
8840,Einsiedeln,Einsiedeln,SZ
8849,Alpthal,Alpthal,SZ
8846,Willerzell,Willerzell,SZ
8847,Egg SZ,Egg SZ,SZ
8841,Gross,Gross,SZ
8844,Euthal,Euthal,SZ
8845,Studen SZ,Studen SZ,SZ
8842,Unteriberg,Unteriberg,SZ
8843,Oberiberg,Oberiberg,SZ
8852,Altendorf,Altendorf,SZ
8853,Lachen SZ,Lachen SZ,SZ
8854,Siebnen,Siebnen,SZ
8855,Wangen SZ,Wangen SZ,SZ
8856,Tuggen,Tuggen,SZ
8857,Vorderthal,Vorderthal,SZ
8858,Innerthal,Innerthal,SZ
8862,Schübelbach,Schubelbach,SZ
8863,Buttikon SZ,Buttikon SZ,SZ
8864,Reichenburg,Reichenburg,SZ
8865,Bilten,Bilten,GL
8866,Ziegelbrücke,Ziegelbrucke,GL
8867,Niederurnen,Niederurnen,GL
8868,Oberurnen,Oberurnen,GL
8872,Weesen,Weesen,SG
8873,Amden,Amden,SG
8874,Mühlehorn,Muhlehorn,GL
8758,Obstalden,Obstalden,GL
8757,Filzbach,Filzbach,GL
8877,Murg,Murg,SG
8878,Quinten,Quinten,SG
8880,Walenstadt,Walenstadt,SG
8881,Walenstadtberg,Walenstadtberg,SG
8882,Unterterzen,Unterterzen,SG
8883,Quarten,Quarten,SG
8884,Oberterzen,Oberterzen,SG
8885,Mols,Mols,SG
8887,Mels,Mels,SG
8886,Mädris-Vermol,Madris-Vermol,SG
8889,Plons,Plons,SG
8888,Heiligkreuz (Mels),Heiligkreuz (Mels),SG
8890,Flums,Flums,SG
8892,Berschis,Berschis,SG
8893,Flums Hochwiese,Flums Hochwiese,SG
8894,Flumserberg Saxli,Flumserberg Saxli,SG
8895,Flumserberg Portel,Flumserberg Portel,SG
8896,Flumserberg Bergh,Flumserberg Bergh,SG
8897,Flumserberg Theim,Flumserberg Theim,SG
8898,Flumserberg Tboden,Flumserberg Tboden,SG
8902,Urdorf,Urdorf,ZH
8903,Birmensdorf ZH,Birmensdorf ZH,ZH
8904,Aesch ZH,Aesch ZH,ZH
8905,Arni-Islisberg,Arni-Islisberg,AG
8906,Bonstetten,Bonstetten,ZH
8907,Wettswil,Wettswil,ZH
8908,Hedingen,Hedingen,ZH
8910,Affoltern am Albis,Affoltern am Albis,ZH
8909,Zwillikon,Zwillikon,ZH
8911,Rifferswil,Rifferswil,ZH
8912,Obfelden,Obfelden,ZH
8913,Ottenbach,Ottenbach,ZH
8914,Aeugst am Albis,Aeugst am Albis,ZH
8915,Hausen am Albis,Hausen am Albis,ZH
8916,Jonen,Jonen,AG
8917,Oberlunkhofen,Oberlunkhofen,AG
8918,Unterlunkhofen,Unterlunkhofen,AG
8919,Rottenschwil,Rottenschwil,AG
8925,Ebertswil,Ebertswil,ZH
8926,Kappel am Albis,Kappel am Albis,ZH
8932,Mettmenstetten,Mettmenstetten,ZH
8933,Maschwanden,Maschwanden,ZH
8934,Knonau,Knonau,ZH
8942,Oberrieden,Oberrieden,ZH
8951,Fahrweid,Fahrweid,ZH
8952,Schlieren,Schlieren,ZH
8953,Dietikon,Dietikon,ZH
8954,Geroldswil,Geroldswil,ZH
8955,Oetwil a.d. Limmat,Oetwil a.d. Limmat,ZH
8956,Killwangen,Killwangen,AG
8957,Spreitenbach,Spreitenbach,AG
8962,Bergdietikon,Bergdietikon,AG
8964,Rudolfstetten,Rudolfstetten,AG
8965,Berikon,Berikon,AG
8966,Oberwil-Lieli,Oberwil-Lieli,AG
8967,Widen,Widen,AG
9000,St. Gallen,St. Gallen,SG
9001,St. Gallen,St. Gallen,SG
9004,St. Gallen,St. Gallen,SG
9006,St. Gallen,St. Gallen,SG
9007,St. Gallen,St. Gallen,SG
9008,St. Gallen,St. Gallen,SG
9009,St. Gallen,St. Gallen,SG
9010,St. Gallen,St. Gallen,SG
9011,St. Gallen,St. Gallen,SG
9012,St. Gallen,St. Gallen,SG
9013,St. Gallen,St. Gallen,SG
9014,St. Gallen,St. Gallen,SG
9015,St. Gallen,St. Gallen,SG
9016,St. Gallen,St. Gallen,SG
9030,Abtwil SG,Abtwil SG,SG
9032,Engelburg,Engelburg,SG
9033,Untereggen,Untereggen,SG
9034,Eggersriet,Eggersriet,SG
9035,Grub AR,Grub AR,AR
9036,Grub SG,Grub SG,SG
9037,Speicherschwendi,Speicherschwendi,AR
9038,Rehetobel,Rehetobel,AR
9042,Speicher,Speicher,AR
9043,Trogen,Trogen,AR
9044,Wald AR,Wald AR,AR
9050,Appenzell,Appenzell,AI
9052,Niederteufen,Niederteufen,AR
9053,Teufen AR,Teufen AR,AR
9054,Haslen AI,Haslen AI,AI
9055,Bühler,Buhler,AR
9056,Gais,Gais,AR
9057,Weissbad,Weissbad,AI
9058,Brülisau,Brulisau,AI
9062,Lustmühle,Lustmuhle,AR
9063,Stein AR,Stein AR,AR
9064,Hundwil,Hundwil,AR
9100,Herisau,Herisau,AR
9102,Herisau,Herisau,AR
9103,Schwellbrunn,Schwellbrunn,AR
9104,Waldstatt,Waldstatt,AR
9105,Schönengrund,Schonengrund,AR
9107,Urnäsch,Urnasch,AR
9108,Gonten,Gonten,AI
9112,Schachen b.Herisau,Schachen b.Herisau,AR
9113,Degersheim,Degersheim,SG
9114,Hoffeld,Hoffeld,SG
9115,Dicken,Dicken,SG
9116,Wolfertswil,Wolfertswil,SG
9122,Mogelsberg,Mogelsberg,SG
9123,Nassen,Nassen,SG
9125,Brunnadern,Brunnadern,SG
9126,Necker,Necker,SG
9127,St. Peterzell,St. Peterzell,SG
9633,Bächli (Hemberg),Bachli (Hemberg),SG
9200,Gossau SG,Gossau SG,SG
9203,Niederwil SG,Niederwil SG,SG
9204,Andwil SG,Andwil SG,SG
9205,Waldkirch,Waldkirch,SG
9212,Arnegg,Arnegg,SG
9213,Hauptwil,Hauptwil,TG
9214,Kradolf-Schönenb.,Kradolf-Schonenb.,TG
9216,Heldswil,Heldswil,TG
9215,Schönenberg TG,Schonenberg TG,TG
9220,Bischofszell,Bischofszell,TG
9223,Schweizersholz,Schweizersholz,TG
9225,Wilen (Gottshaus),Wilen (Gottshaus),TG
9230,Flawil,Flawil,SG
9231,Egg (Flawil),Egg (Flawil),SG
9604,Oberrindal,Oberrindal,SG
9240,Uzwil,Uzwil,SG
9242,Oberuzwil,Oberuzwil,SG
9248,Bichwil,Bichwil,SG
9243,Jonschwil,Jonschwil,SG
9244,Niederuzwil,Niederuzwil,SG
9245,Oberbüren,Oberburen,SG
9246,Niederbüren,Niederburen,SG
9247,Henau,Henau,SG
9249,Algetshausen,Algetshausen,SG
9300,Wittenbach,Wittenbach,SG
9304,Bernhardzell,Bernhardzell,SG
9305,Berg SG,Berg SG,SG
9306,Freidorf TG,Freidorf TG,TG
9315,Winden,Winden,TG
9308,Lömmenschwil,Lommenschwil,SG
9312,Häggenschwil,Haggenschwil,SG
9313,Muolen,Muolen,SG
9314,Steinebrunn,Steinebrunn,TG
9320,Arbon,Arbon,TG
9322,Egnach,Egnach,TG
9323,Steinach,Steinach,SG
9325,Roggwil TG,Roggwil TG,TG
9326,Horn,Horn,TG
9327,Tübach,Tubach,SG
9400,Rorschach,Rorschach,SG
9404,Rorschacherberg,Rorschacherberg,SG
9402,Mörschwil,Morschwil,SG
9403,Goldach,Goldach,SG
9405,Wienacht-Tobel,Wienacht-Tobel,AR
9410,Heiden,Heiden,AR
9411,Reute AR,Reute AR,AR
9413,Oberegg,Oberegg,AI
9414,Schachen b. Reute,Schachen b. Reute,AR
9422,Staad SG,Staad SG,SG
9423,Altenrhein,Altenrhein,SG
9424,Rheineck,Rheineck,SG
9425,Thal,Thal,SG
9426,Lutzenberg,Lutzenberg,AR
9427,Wolfhalden,Wolfhalden,AR
9428,Walzenhausen,Walzenhausen,AR
9430,St. Margrethen SG,St. Margrethen SG,SG
9434,Au SG,Au SG,SG
9435,Heerbrugg,Heerbrugg,SG
9436,Balgach,Balgach,SG
9437,Marbach SG,Marbach SG,SG
9450,Lüchingen,Luchingen,SG
9442,Berneck,Berneck,SG
9443,Widnau,Widnau,SG
9444,Diepoldsau,Diepoldsau,SG
9445,Rebstein,Rebstein,SG
9451,Kriessern,Kriessern,SG
9452,Hinterforst,Hinterforst,SG
9453,Eichberg,Eichberg,SG
9462,Montlingen,Montlingen,SG
9463,Oberriet SG,Oberriet SG,SG
9464,Rüthi (Rheintal),Ruthi (Rheintal),SG
9465,Salez,Salez,SG
9466,Sennwald,Sennwald,SG
9467,Frümsen,Frumsen,SG
9468,Sax,Sax,SG
9469,Haag (Rheintal),Haag (Rheintal),SG
9470,Buchs SG,Buchs SG,SG
9472,Grabs,Grabs,SG
9473,Gams,Gams,SG
9475,Sevelen,Sevelen,SG
9476,Weite,Weite,SG
9477,Trübbach,Trubbach,SG
9478,Azmoos,Azmoos,SG
9479,Oberschan,Oberschan,SG
9485,Nendeln,Nendeln,FL
9486,Schaanwald,Schaanwald,FL
9487,Gamprin-Bendern,Gamprin-Bendern,FL
9488,Schellenberg,Schellenberg,FL
9490,Vaduz,Vaduz,FL
9491,Ruggell,Ruggell,FL
9492,Eschen,Eschen,FL
9493,Mauren FL,Mauren FL,FL
9494,Schaan,Schaan,FL
9495,Triesen,Triesen,FL
9496,Balzers,Balzers,FL
9497,Triesenberg,Triesenberg,FL
9500,Wil SG,Wil SG,SG
9502,Braunau,Braunau,TG
9503,Stehrenberg,Stehrenberg,TG
9504,Friltschen,Friltschen,TG
9506,Lommis,Lommis,TG
9507,Stettfurt,Stettfurt,TG
9508,Weingarten-Kalth,Weingarten-Kalth,TG
9512,Rossrüti,Rossruti,SG
9514,Wuppenau,Wuppenau,TG
9515,Hosenruck,Hosenruck,TG
9517,Mettlen,Mettlen,TG
9565,Rothenhausen,Rothenhausen,TG
9523,Züberwangen,Zuberwangen,SG
9524,Zuzwil SG,Zuzwil SG,SG
9525,Lenggenwil,Lenggenwil,SG
9526,Zuckenriet,Zuckenriet,SG
9527,Niederhelfenschwil,Niederhelfenschwil,SG
9532,Rickenbach b. Wil,Rickenbach b. Wil,TG
9533,Kirchberg SG,Kirchberg SG,SG
9534,Gähwil,Gahwil,SG
9535,Wilen b. Wil,Wilen b. Wil,TG
9536,Schwarzenbach SG,Schwarzenbach SG,SG
9542,Münchwilen TG,Munchwilen TG,TG
9543,St. Margarethen TG,St. Margarethen TG,TG
9545,Wängi,Wangi,TG
9546,Tuttwil,Tuttwil,TG
9547,Wittenwil,Wittenwil,TG
9548,Matzingen,Matzingen,TG
9552,Bronschhofen,Bronschhofen,SG
9553,Bettwiesen,Bettwiesen,TG
9554,Tägerschen,Tagerschen,TG
9555,Tobel,Tobel,TG
9556,Affeltrangen,Affeltrangen,TG
9562,Märwil,Marwil,TG
9573,Littenheid,Littenheid,TG
9601,Lütisburg Station,Lutisburg Station,SG
9602,Bazenheid,Bazenheid,SG
9606,Bütschwil,Butschwil,SG
9607,Mosnang,Mosnang,SG
9608,Ganterschwil,Ganterschwil,SG
9612,Dreien,Dreien,SG
9613,Mühlrüti,Muhlruti,SG
9614,Libingen,Libingen,SG
9615,Dietfurt,Dietfurt,SG
9620,Lichtensteig,Lichtensteig,SG
9621,Oberhelfenschwil,Oberhelfenschwil,SG
9622,Krinau,Krinau,SG
9630,Wattwil,Wattwil,SG
9631,Ulisbach,Ulisbach,SG
9642,Ebnat-Kappel,Ebnat-Kappel,SG
9643,Krummenau,Krummenau,SG
9650,Nesslau,Nesslau,SG
9651,Ennetbühl,Ennetbuhl,SG
9655,Stein SG,Stein SG,SG
9652,Neu St. Johann,Neu St. Johann,SG
9656,Alt St. Johann,Alt St. Johann,SG
9657,Unterwasser,Unterwasser,SG
9658,Wildhaus,Wildhaus,SG
3185,Schmitten FR,Schmitten FR,FR
3113,Rubigen,Rubigen,BE
6304,Zug,Zug,ZG
6911,Campione,Campione,IT
8238,Büsingen,Busingen,DE
6302,Zug,Zug,ZG
6303,Zug,Zug,ZG
1289,Genève Serv. Spéc.,Geneve Serv. Spec.,GE
7003,Chur Postauto,Chur Postauto,GR
3024,Bern,Bern,BE
1017,Lausanne Veillon,Lausanne Veillon,VD
3030,Bern,Bern,BE
1031,Mex VD,Mex VD,VD
1734,Tentlingen,Tentlingen,FR
1029,Villars-Ste-Croix,Villars-Ste-Croix,VD
9101,Herisau,Herisau,AR
3044,Innerberg,Innerberg,BE
8317,Tagelswangen,Tagelswangen,ZH
6908,Massagno Caselle,Massagno Caselle,TI
6009,Luzern,Luzern,LU
5232,Villigen PSI,Villigen PSI,AG
6349,Baar,Baar,ZG
1653,Châtel-Montsalvens,Chatel-Montsalvens,FR
1730,Ecuvillens,Ecuvillens,FR
1428,Mutrux,Mutrux,VD
1047,Oppens,Oppens,VD
2027,Montalchez,Montalchez,NE
2933,Damphreux,Damphreux,JU
8543,Bertschikon,Bertschikon,ZH
3632,Niederstocken,Niederstocken,BE
8774,Leuggelbach,Leuggelbach,GL
4584,Gächliwil,Gachliwil,SO
5058,Wiliberg,Wiliberg,AG
3940,Steg VS,Steg VS,VS
9498,Planken,Planken,FL
8801,Thalwil,Thalwil,ZH
6341,Baar,Baar,ZG
6342,Baar,Baar,ZG
9029,St. Gallen,St. Gallen,SG
1709,Fribourg,Fribourg,FR
8879,Pizolpark (Mels),Pizolpark (Mels),SG
8118,Pfaffhausen,Pfaffhausen,ZH
5601,Lenzburg Sonderdst,Lenzburg Sonderdst,AG
9028,St. Gallen,St. Gallen,SG
9027,St. Gallen,St. Gallen,SG
1811,Vevey,Vevey,VD
3609,Thun,Thun,BE
1775,Mannens,Mannens,FR
8106,Adlikon b.Regensdf,Adlikon b.Regensdf,ZH
8070,Zürich,Zurich,ZH
8071,Zürich CS PZ,Zurich CS PZ,ZH
1631,Bulle,Bulle,FR
3040,Bern,Bern,BE
4040,Basel,Basel,BL
6007,Luzern,Luzern,LU
8759,Netstal,Netstal,GL
9020,St. Gallen,St. Gallen,SG
4573,Lohn-Ammannsegg,Lohn-Ammannsegg,SO
9026,St. Gallen K AG,St. Gallen K AG,SG
6031,Ebikon,Ebikon,LU
6021,Emmenbrücke 1,Emmenbrucke 1,LU
6391,Engelberg,Engelberg,OW
6281,Hochdorf,Hochdorf,LU
6011,Kriens,Kriens,LU
6061,Sarnen 1,Sarnen 1,OW
6371,Stans,Stans,NW
6431,Schwyz,Schwyz,SZ
9025,St. Gallen Quelle,St. Gallen Quelle,SG
6907,Lugano 7 Caselle,Lugano 7 Caselle,TI
1240,Genève,Geneve,GE
9471,Buchs SG 1,Buchs SG 1,SG
9401,Rorschach,Rorschach,SG
9501,Wil SG 1,Wil SG 1,SG
4509,Solothurn,Solothurn,SO
4070,Basel,Basel,BS
6602,Muralto,Muralto,TI
6161,Entlebuch,Entlebuch,LU
9201,Gossau SG,Gossau SG,SG
8510,Frauenfeld,Frauenfeld,TG
3050,Bern,Bern,BE
8086,Zürich R Digest,Zurich R Digest,ZH
8085,Zürich Versich.,Zurich Versich.,ZH
2075,Thielle,Thielle,NE
1068,Les Monts-de-Pully,Les Monts-de-Pully,VD
2010,Neuchâtel OFS,Neuchatel OFS,NE
8285,Kreuzlingen Ifolor,Kreuzlingen Ifolor,TG
4039,Basel,Basel,BS
2510,Biel/Bienne DistBa,Biel/Bienne DistBa,BE
8210,Schaffhausen DistB,Schaffhausen DistB,SH
9510,Wil SG Dist Ba,Wil SG Dist Ba,SG
5018,Erlinsbach,Erlinsbach,AG
1310,Daillens Dist Ba,Daillens Dist Ba,VD
8098,Zürich,Zurich,ZH
8066,Zürich,Zurich,ZH
4620,Härkingen PZ,Harkingen PZ,SO
8183,Bülach Dist Ba,Bulach Dist Ba,ZH
8325,Effretikon Dist Ba,Effretikon Dist Ba,ZH
8520,Frauenfeld PZ,Frauenfeld PZ,TG
8343,Hinwil Dist Ba,Hinwil Dist Ba,ZH
8087,Zürich,Zurich,ZH
4078,Basel Reader's D.,Basel Reader's D.,BS
9024,St. Gallen,St. Gallen,SG
4609,Olten,Olten,SO
8015,Zürich 15,Zurich 15,ZH
1818,Montreux Redoute,Montreux Redoute,VD
8540,Frauenfeld ST PP 1,Frauenfeld ST PP 1,TG
8530,Frauenfeld CALL,Frauenfeld CALL,TG
4640,Härkingen ST PP 1,Harkingen ST PP 1,SO
4630,Härkingen CALL,Harkingen CALL,SO
1330,Daillens CALL,Daillens CALL,VD
1320,Daillens ST PP 1,Daillens ST PP 1,VD
1440,Montagny-Chamard,Montagny-Chamard,VD
4065,Basel SBB Cargo AG,Basel SBB Cargo AG,BS
8075,Zürich,Zurich,ZH
4080,Basel,Basel,BS
6039,Root Längenbold,Root Langenbold,LU
4034,Basel 34 Breite,Basel 34 Breite,BS
4035,Basel,Basel,BS
4089,Basel,Basel,BS
8068,Zürich,Zurich,ZH
3071,Ostermundigen Zust,Ostermundigen Zust,BE
4033,Basel,Basel,BS
4081,Basel,Basel,BS
4082,Basel,Basel,BS
3039,Bern PF OC,Bern PF OC,BE
4042,Basel PF OC,Basel PF OC,BL
4083,Basel,Basel,BS
4084,Basel,Basel,BS
4085,Basel,Basel,BS
4086,Basel,Basel,BS
4087,Basel,Basel,BS
4088,Basel,Basel,BS
8081,Zürich,Zurich,ZH
4092,Basel SPI AS 22,Basel SPI AS 22,BS
4093,Basel SPI AS 23,Basel SPI AS 23,BS
4094,Basel SPI AS 24,Basel SPI AS 24,BS
4095,Basel SPI AS 25,Basel SPI AS 25,BS
4096,Basel SPI AS 26,Basel SPI AS 26,BS
8901,Urdorf,Urdorf,ZH
3041,Bern,Bern,BE
6008,Luzern,Luzern,LU
4041,Basel,Basel,BS
9489,Schaan Log,Schaan Log,FL
4551,Derendingen,Derendingen,SO
4075,Basel,Basel,BS
9022,St. Gallen,St. Gallen,SG
8109,Kloster Fahr,Kloster Fahr,AG
1019,Lausanne,Lausanne,VD
1039,Cheseaux Polyval,Cheseaux Polyval,VD
6346,Baar 3,Baar 3,ZG
3085,Wabern Weihnachten,Wabern Weihnachten,BE
1300,Eclépens CC,Eclepens CC,VD
3070,Ostermundigen LZB,Ostermundigen LZB,BE
4621,Härkingen BZ,Harkingen BZ,SO
6590,Cadenazzo (CLL),Cadenazzo (CLL),TI
1919,Martigny Mutuel,Martigny Mutuel,VS
8096,Zürich IBRS local,Zurich IBRS local,ZH
4808,Zofingen PF,Zofingen PF,AG
4807,Zofingen PF,Zofingen PF,AG
1311,Eclépens SC,Eclepens SC,VD
4611,Härkingen SC,Harkingen SC,SO
8011,Zürich Mülligen SC,Zurich Mulligen SC,ZH
8060,Zürich,Zurich,ZH
6333,Hünenberg See,Hunenberg See,ZG
4809,Zofingen PF,Zofingen PF,AG
8059,Zürich 59 EO,Zurich 59 EO,ZH
3017,Bern Zustellung,Bern Zustellung,BE
9301,Wittenbach,Wittenbach,SG
6511,Cadenazzo SC,Cadenazzo SC,TI
8074,Zürich Voice Pub,Zurich Voice Pub,ZH
3029,Bern Entris,Bern Entris,BE
7110,Peiden,Peiden,GR
8012,Zürich,Zurich,ZH
2360,Le Bémont JU,Le Bemont JU,JU
2362,Montfaucon,Montfaucon,JU
2363,Les Enfers,Les Enfers,JU
2364,St-Brais,St-Brais,JU
8970,Urdorf Exchange,Urdorf Exchange,ZH
8812,Horgen Bhf Oberd.,Horgen Bhf Oberd.,ZH
8371,Busswil TG,Busswil TG,TG
9023,St. Gallen,St. Gallen,SG
1953,Sion RZ,Sion RZ,VS
8030,Zürich,Zurich,ZH
